name,city,coord,bc_type,area_type,road_cond,road_type,unit_rent,bound_rent
北站中心公园,深圳,"114.02236,22.610368",核心商圈,位于深圳北站中心公园停车场，中心公园虽然位置优越，但其“营运吸引力”略逊于枢纽站内部，属于北站流量的“溢出效应区”,一般通达,位于一般公路,,
龙城工业园,深圳,"114.214361,22.719893",一般区域,位于天安数码城隔壁，内部入驻企业以电子、五金、物流及小型贸易为主,高优通达,毗邻盐龙大道（城市快速路）、清林路（东西向主干道）,,
宝安海秀路,深圳,"113.88503,22.55088",一般区域,站点位于住宅区,一般通达,毗邻新湖路（一般公路）、新安地铁站,,
宝安沙井南环路东,深圳,"113.831733,22.711183",一般区域,位于沙井上星片区工业区，是沙井人口密度和工厂密度最高的区域之一,一般通达,位于南环路（沙井的东西向大动脉，连接了 107 国道与中心路）,,
龙岗日月时创健康科技园,深圳,"114.079133,22.659912",一般区域,附近有多个成熟产业园及研发中心,高优通达,【所在路】支路(坂田街道坂田中浩二路) / 次干道(宝吉路)46m / 次干道(中浩五路)101m / 主干道/快速路(坂李大道)161m,,
宝安稔田路,深圳,"113.830035,22.69996",一般区域,站点位于工业园区内，附近为公园,高优通达,站点位于稔田工业南路（一般公路），毗邻广深公路（城市主干道）,,
龙华龙胜,深圳,"114.013371,22.645757",一般区域,附近为密集住宅区,一般通达,西向驾车1km为福龙路（连接深圳南北）,,
南山特发信息港,深圳,"113.949841,22.550304",核心商圈,1km内包含大型CBD及主流购物中心,一般通达,【所在路】支路(粤海街道科丰路) / 次干道(科丰路)52m / 次干道(琼宇路)67m / 支路(科特二街)76m,,
龙岗西环路,深圳,"114.111393,22.594771",一般区域,站点位于水质净化厂外，附近为学校和住宅区,高优通达,站点不位于公路上，距离龙岗大道约驾车1km,,
龙岗吉政路,深圳,"114.123323,22.610661",一般区域,附近为住宅区和学校,一般通达,站点毗邻东西干道,,
前进文化广场换电站,广州,"113.411476,23.111239",次级商圈,1.5km内为大型成熟住宅区及配套商业,一般通达,【所在路】次干道(桃石路与桃园中路交叉路口) / 次干道(桃石路)0m / 支路(桃园南一街)0m / 次干道(桃园路)0m,,
江夏第一幼儿园,广州,"113.280447,23.209691",一般区域,附近为医院、学校、写字楼、住宅,高优通达,驾车东向约700m可达白云大道北（南北连接广州）；驾车东向形式约3.8km可达广佛肇高速,,
三元里新景大厦,广州,"113.250336,23.172998",次级商圈,附近为住宅区、食品批发市场、商务中心,高优通达,位于三元里大道（纵向，城市主干道）,,
白云黄石立交,广州,"113.263975,23.206365",次级商圈,1.5km内包含区域性商业街及成熟社区,高优通达,【所在路】次干道(机场路) / 主干道/快速路(S41机场高速)45m / 次干道(机场路辅路)63m,,
番禺飘峰站,广州,"113.305231,22.985855",郊区/偏远,2km以内远离城区、以厂区为主,高优通达,【所在路】次干道(钟顺路) / 主干道/快速路(汉溪大道中辅路)119m / 主干道/快速路(汉溪大道中)122m,,
番禺沙南路站,广州,"113.345188,22.948173",一般区域,1.5km内为普通住宅区及配套产业,一般通达,【所在路】支路(沙头街道沙南路毅明大厦) / 次干道(沙南路)24m / 支路(碧沙环村街)72m / 支路(榄山岭南东街)322m,,
畅电棠东,广州,"113.391466,23.130296",次级商圈,"附近为住宅区、学校、广场、综合超市

位于天河区南部",高优通达,站点位于广园快速路，附近为棠东地铁站,,
智井,广州,"113.236288,23.205692",一般区域,附近为产业园、皮具牛仔城、外贸城、学校、医院,一般通达,位于石潭西路（一般公路）,,
番禺东霖超充,广州,"113.388481,22.934325",一般区域,站点位于创意园，附近为产业园、空地,高优通达,位于毗邻番禺大道北（纵向，城市主干道）,,
嘉禾长红,广州,"113.291222,23.256685",一般区域,位于产业园，附近为学校,高优通达,位于鹤龙三路（城纵向，市主干道）,,
华汇国际广场,广州,"113.556,22.799864",核心商圈,属于南沙老牌的金洲-蕉门河核心商圈，是南沙人气最旺、商业化程度最高的成熟核心商圈。周边为商场、住宅区,高优通达,位于城市主干道进港大道（南沙的横向中轴线）,,
一诺汽车服务,广州,"113.335109,23.27239",一般区域,郊区，距离白云山公园约2km，周边有商场、学校和住宅区,高优通达,紧靠广从公路（直线距离1km），连接白云大道到市区,,
广州天河员村,广州,"113.359553,23.120153",次级商圈,位于员村核心生活区的南端，紧邻员村地铁站，附近是住宅区/城中村,一般通达,位于员村街道（一般公路）,,
海珠新滘中路,广州,"113.26965,23.10218",一般区域,位于产业园区内，附近为工业区、住宅区,高优通达,毗邻江海大道（纵向，城市主干道）,,
荔湾龙溪大道站,广州,"113.23,23.08",一般区域,站点位于科技园，附近为学校、住宅区,高优通达,站点位于龙溪大道辅路（横向，城市主干道）,,
天河长兴路站,广州,"113.352966,23.167715",次级商圈,1.5km内有成熟住宅区及多所学校/研究所,一般通达,【所在路】次干道(长兴路) / 次干道(长湴中路)39m / 次干道(长湴东路)130m,,
九五科技园,广州,"113.317809,22.965946",一般区域,位于科技园区（集中的办公与产业载体），背靠祈福新村（大型住宅区）、钟村老牌生活区、大夫山森林公园,一般通达,位于一般公路,,
富怡路,广州,"113.412357,22.957876",一般区域,1.5km内主要为工业区与普通住宅混杂,一般通达,【所在路】支路(大龙街道富怡路) / 次干道(富怡路)45m / 次干道(东怡路)54m / 支路(南阳西街)125m,,
荔湾广钢新城站,广州,"113.245918,23.053718",次级商圈,1.5km内为极高密度的成熟/在建住宅区,高优通达,【所在路】次干道(荷景南路) / 主干道/快速路(S81广州环城高速)50m / 次干道(玉兰路)109m,,
联东U谷,佛山,"112.944763,23.04627",一般区域,核心区域，周边为密集公司片区，西向驾车约7km为千灯湖公园（佛山核心区域）,一般通达,西向驾车约7km为千灯湖公园；西北向驾车约2km可达广佛江珠高速入口，连接大湾区数城市,,
伦教北祖路口,佛山,"113.21483,22.872967",一般区域,周边为住宅区和学校,一般通达,站点位置不在公路上，距离广珠公里约1.5km，南下驾车约4km可达顺德立交桥；西向驾车约13km可达南水互通立交主线桥（立交桥连接广佛江珠高速和广州环城高速）,,
南海海三路站,佛山,"113.143514,23.04764",核心商圈,附近为商场、大厦、学校、住宅区，东向驾车行驶月1.4km约千灯湖公园,高优通达,位于文昌路（一般公路），毗邻南海大道北（纵向，城市主干道）,,
佛山大道中,佛山,"113.103933,23.005662",一般区域,典型的老城高密度居住区 + 产业辐射带。周边紧邻紫南石南生活区、紫坊村等高密度自建房和老旧社区。是禅城老牌的人口聚居地，常住人口极高,高优通达,位于佛山大道中（城市主干道，纵向交通大动脉）,,
大良红岗路,佛山,"113.249067,22.827825",郊区/偏远,附近为住宅区、南网实训场、山,一般通达,位于一般公路,,
千灯湖站,佛山,"113.144184,23.066752",核心商圈,1km内包含行政中心及大型购物Mall,一般通达,【所在路】次干道(海八路) / 次干道(海八东路辅路)52m / 次干道(海八东路)79m / 次干道(灯湖西路)170m,,
古大路,佛山,"113.06917,23.030535",一般区域,"项目终止，政府干预停滞（报建手续未完善），场地停滞，进出口有桩子堵塞
附近为住宅区和学校",高优通达,站点毗邻禅西大道（禅城区南北交通要道）,,
佛山海八西路（骏威龙）,佛山,"113.144184,23.066752",核心商圈,1km内包含主流商业中心及写字楼群,一般通达,【所在路】次干道(海八路) / 次干道(海八东路辅路)52m / 次干道(海八东路)79m / 次干道(灯湖西路)170m,,
寮步创益广场,东莞,"113.878266,22.966109",一般区域,1.5km内以汽车产业园及配套为主,高优通达,【所在路】次干道(石大公路) / 主干道/快速路(S6广龙高速)17m / 次干道(工业西一路)106m,,
虎门高铁站,东莞,"113.672742,22.863551",次级商圈,毗邻虎门高铁站，附近为工业厂区,高优通达,站点在公路站北路上，东向连接环莞快速路（北上可达东莞市区；南向连接滨海大道（南下可达滨海湾新区）；虎门港立交、京港澳高速,,
虎门小捷滘,东莞,"113.69883,22.817175",次级商圈,附近学校、虎门公园、购物号中心、住宅区,高优通达,西向可达滨海大道（南下可达滨海湾新区），东向可达京港澳高速,,
大岭山振华路,东莞,"113.84333,22.893867",一般区域,"位于与松山湖交界处。
位于科技园，附近公寓、家具厂",高优通达,位于一般公路，毗邻莞长路（城市主干道，驾车约0.4km）,,
常平常横路,东莞,"114.166924,22.838222",一般区域,周边为住宅片区、产业园和工业区,一般通达,东向约6km可达东莞东站高铁站，北向约4km可直达广龙高速，横向连接东莞各镇区,,
东城体育公园,东莞,"113.775011,23.005655",核心商圈,1km内包含行政中心及大型公共设施,一般通达,次干道(莞长路)183m / 次干道(新源路)185m / 次干道(愉苑路)198m,,
茶山站前西路,东莞,"113.857644,23.094428",次级商圈,医疗配套+轨道交通商圈。靠近东莞站城轨站及医院,高优通达,位于一般公路，靠近城市主干道,,
长安振安中路站,东莞,"113.766685,22.78094",次级商圈,站点附近为长安站高铁站、学校、住宅区,一般通达,站点不位于公路上，驾车行驶约3km为福海路（纵向连接长安），驾车行驶约2.4km为长安隧道（横向连接长安）,,
香洲攀云购物中心,珠海,"113.491374,22.224308",核心商圈,1km内包含主流商业中心（Mall）,一般通达,【所在路】次干道(屏东六路与屏北二路交叉口) / 次干道(屏北二路)0m / 次干道(屏东六路)0m / 支路(泰北街)171m,,
香洲迎宾南路站,珠海,"113.55981,22.238224",次级商圈,附近为将军山公园、密集住宅区和学校,高优通达,位于迎宾南路和九州大道西，属于香洲区重要交通枢纽公路，距离珠海渔女驾车约8km，距离拱北口岸和珠海高铁站驾车约2km,,
香洲明珠南路站,珠海,"113.51979,22.252558",一般区域,附近为工业创意园、住宅区,高优通达,站点位于明珠南路（纵向，城市主干道）,,
宝安恒南路,深圳,"113.850184,22.598376",一般区域,位于工业区，周围是密集工业区、住宅区,一般通达,紧靠广深公路（G107国道，是深圳流量最大的陆路大动脉之一）,,
南山科苑南路,深圳,"113.945448,22.529461",一般区域,位于科技园、附近为住宅区,一般通达,站点位于科苑南路（一般公路）,,
福田白石路,深圳,"114.011818,22.530233",一般区域,附近为福田汽车站、海滨公园、住宅区和办公区,高优通达,毗邻深南大道、滨海大道、京港澳高速,,
福田侨香二路,深圳,"114.014378,22.549784",一般区域,附近为学校、医院、住宅区,一般通达,毗邻京港澳高速和侨香路（横跨深圳）,,
罗湖沙湾路,深圳,"114.145255,22.575161",一般区域,属罗湖区东北部自然生态居住片区，紧邻公园绿化带周边以中高端住宅小区、学校和生态绿地为主，商业配套相对有限，属罗湖区远郊生态型居住商圈,高优通达,站点位于沙湾路（东西向城市主干道）,,
罗湖东晓体育中心,深圳,"114.15,22.69",一般区域,附近为羽毛球馆、公园、住宅区,高优通达,毗邻泥岗东路（城市主干道）,,
广州黄埔开泰大道,广州,"113.458241,23.165743",一般区域,站点附近为广场、公园、研究院,高优通达,站点毗邻开泰大道（横向连接黄埔区）,,
乐从大道,佛山,"113.107727,22.951339",一般区域,附近为商场、工业区、商业大厦、住宅区,高优通达,位于乐从大道（横向，城市主干道）,,
荔湾如意坊站（新风港）,广州,"113.230336,23.118077",次级商圈,1.5km内有区域商业街、成熟老旧社区,高优通达,【所在路】主干道/快速路(黄沙大道) / 主干道/快速路(黄沙大道辅路)24m / 主干道/快速路(内环路)35m,,
天河天茂路站(奥体南方众悦),广州,"113.418777,23.13",一般区域,1.5km内主要为产业园及体育场配套,一般通达,【所在路】次干道(大灵山路) / 次干道(天茂路辅路)34m / 次干道(天茂路)42m / 次干道(珠村禾镰贝路)172m,,
斗门虹桥四路站（永盈商业中心）,珠海,"113.324829,22.207025",次级商圈,位于商业中心，附近为工业区、科技园、学校,高优通达,位于白蕉路（城市主干道）,,
长安太安路站（厦岗昊志）,东莞,"113.740585,22.794128",一般区域,附近为学校、科技园、工业园,高优通达,位于太安路（长安主干道），由西向东贯通虎门、长安两镇的交通大动脉,,
高埗高龙西路站,东莞,"114.135018,23.022165",一般区域,位于科技园，附近为工业园、学校、文化广场、医院,一般通达,位于高龙路（一般公路）,,
东城银山街站（主山停车场）,东莞,"113.7829,23.03894",次级商圈,附近为商业广场、学校和住宅区,一般通达,毗邻东宝路，连接东莞市区,,
南城周溪站（南城行侠超级充电站）,东莞,"113.713712,22.990563",一般区域,附近为学校、住宅区,一般通达,距离莞太路约0.2km，距离环城路莞太立交约1.2km，属于东莞市中心核心干道,,
厚街汀环路站,东莞,"113.711983,22.932568",一般区域,1.5km内以厂区及城乡结合部为主,高优通达,【所在路】次干道(坑口东晖路) / 次干道(东晖路)22m / 主干道/快速路(汀环路)57m / 支路(东晖街)59m,,
宝安荔园路（景成精密有限公司),深圳,"113.78472,22.696533",一般区域,位于工业园区，附近为大片工业园和科技园、深圳国际会展中心,一般通达,位于福园一路（一般公路）、毗邻国展地铁站,,
宝安西乡体育中心站,深圳,"113.854062,22.578918",次级商圈,1.5km内包含成熟住宅区及配套设施,一般通达,【所在路】次干道(银田路西乡体育中心) / 次干道(宾隆路)131m / 次干道(银田路)147m / 次干道(宝源路)171m,,
龙华清泉路站（金禾田）,深圳,"114.030889,22.666997",次级商圈,站点位于停车场内，附近为购物中心、住宅区、写字楼和工业区,高优通达,毗邻龙观大道（城市主干道）,,
大朗松佛路站（ANDONE篮球馆）,东莞,"113.921787,22.931786",一般区域,附近为商场、住宅区、学校、公园,一般通达,位于一般公路,,
"厚街厚街大道站
鑫创动力产业园",东莞,"113.659555,22.950119",次级商圈,1.5km内有成熟住宅区及区域商业街,高优通达,次干道(板屯路)8m / 主干道/快速路(厚街大道)50m / 次干道(宝屯塘坑村路)94m,,
越秀越秀公园站（奥宝以太广场）,广州,"113.261978,23.139383",核心商圈,1km内包含行政中心及主流商业中心,一般通达,【所在路】次干道(解放北路) / 次干道(流花路)125m / 次干道(解放北路辅路)168m,,
广州东站站,广州,"113.319966,23.153741",核心商圈,广州东站站（火车站/高铁枢纽附近）,一般通达,【所在路】次干道(禺东西路) / 次干道(禺东西路辅路)18m / 次干道(广园东路)22m,,
白云京溪站（捷能京溪）,广州,"113.336604,23.184945",次级商圈,1.5km内有成熟住宅、医院及密集商业,一般通达,次干道(麒麟岗中路)29m / 次干道(沙太北路)48m / 次干道(麒麟岗东路)91m,,
南海西樵站,佛山,"112.987259,22.954615",一般区域,1.5km内以普通住宅及零散厂区为主,一般通达,次干道(樵高路)328m / 待核实(西崇线)416m / 次干道(樵金路)502m,,
顺德容奇大道中站（容山商场）,佛山,"113.284558,22.777303",一般区域,附近为学校、大厦,高优通达,毗邻容奇大桥和广珠公路（城市主干道，纵向）,,
金湾北河一路站（金点广场）,珠海,"113.355452,22.054759",一般区域,郊区，附近为学校、森林公园和住宅区,一般通达,东向驾车20km可达香洲区；南向驾车约12km可达珠海金湾机场,,
宝安大铲湾站,深圳,"113.86775,22.5703",一般区域,1.5km内以大型港口配套及工厂为主,高优通达,【所在路】主干道/快速路(金湾大道大铲湾) / 支路(轻铁西九巷)6m / 次干道(劳动路)13m / 支路(劳动村二队一巷)59m,,
白云机场二站,广州,"113.30735,23.34823",核心商圈,附近为博览中心、机场、空地,一般通达,靠近场高速、高增地铁站,,
白云太成站,广州,"113.274146,23.347814",郊区/偏远,2km以内远离城区、以物流厂区为主,一般通达,【所在路】次干道(鹤龙八路) / 次干道(太盛向阳一路)19m / 次干道(鹤龙七路)44m / 支路(太盛成发街)82m,,
海珠赤沙站,广州,"113.360689,23.089323",郊区/偏远,附近为学校、住宅区、公园,一般通达,站点位于赤沙茅园岗大街（一般道路）,,
荔湾白鹤洞站,广州,"113.251336,23.076277",次级商圈,1.5km内为极高密度的成熟住宅区,高优通达,主干道/快速路(芳村大道南辅路)129m / 主干道/快速路(芳村大道南)139m / 次干道(鹤洞路辅路)193m,,
南海罗村沿江南路站（罗村商业广场）,佛山,"113.051508,23.047831",次级商圈,1.5km内包含成熟住宅区及商业广场,高优通达,次干道(沿江南路)64m / 主干道/快速路(罗村大道)118m / 主干道/快速路(罗村大道辅路)154m,,
南海罗村立交站（新天地模具）,佛山,"113.133453,23.061535",一般区域,附近为华南装饰材料城、灯饰厂、模具厂,高优通达,位于城市快速路、罗村互通立交桥,,
广州机场站,广州,"113.30735,23.34823",一般区域,附近为产业园区和住宅区,一般通达,站点毗邻方华公路（城市主干路，纵向）,,
龙岗鸿基路站,深圳,"114.290955,22.726554",一般区域,站点位于批发城，附近为住宅区、工业区,高优通达,毗邻爱南路和深汕路（城市主干道），附近为新塘围地铁站,,
东城市民休闲公园站,东莞,"113.803914,23.020406",一般区域,站点位于公园，附近是住宅区、学校,一般通达,站点位于石井支路和东翠路（一般道路）,,
塘厦塘厦大道中站（星达名车）,东莞,"114.023162,22.954831",一般区域,距离东莞南站高铁站约4.5km，附近为住宅区和工业片区,一般通达,距离从莞深高速驾车约8km，连接东莞各镇区,,
宝安兴业东路站（华富工业区，二选一）,深圳,"113.80341,22.707465",一般区域,附近为工业园、工厂、学校、住宅区、配套商场,一般通达,【所在路】支路(沙井街道大王山兴业东路) / 次干道(沙福路)12m / 次干道(大王山工业四路)57m / 次干道(大王山工业三路)181m,,
黄埔神舟路站,广州,"113.430502,23.163727",核心商圈,1km内包含大型写字楼群及商务Mall,高优通达,主干道/快速路(科学大道)169m / 次干道(彩频路)169m / 次干道(神舟路)196m,,
番禺大学城北亭站（爱充大学城),广州,"113.375986,23.047948",次级商圈,1.5km内为学校密集区及学生公寓,一般通达,【所在路】次干道(大学城外环西路) / 支路(北亭村大街)73m / 支路(大学城云程大街)82m / 次干道(大学城中环西路)168m,,
白云云霄路站（5号停机坪(较稳定6-27)）,广州,"113.265714,23.183614",核心商圈,位于大型购物商场（5号停机坪），附近是万达广场、凯德广场、住宅区、广州儿童公园,一般通达,次干道(云霄路)0m / 次干道(齐心路)8m / 支路(萧岗永泰南街)73m,,
南岗鹿布牌坊(较稳定6-27),广州,"113.538111,23.082595",一般区域,成熟综合生活区、配套商场、工业园,一般通达,【所在路】支路(鹿步大街) / 次干道(鹿步东路)40m / 支路(鹿步南宁坊大街)120m,,
南海大沥腾龙路站-大沥永旺梦乐城(较稳定6-27),佛山,"113.144013,23.114541",核心商圈,核心区域，站点位于商场，周边为大片写字楼和装修市场，距离广州白云区约6km,一般通达,紧靠桂和公路，南向0.8km可达江夏立交桥（通往佛山各区域），且立交桥连通广佛路，驾车东向9km可达广州荔湾区5号线西端起点滘口地铁站,,
高明平山大道站-(替代高明客运站),佛山,"112.864289,22.910851",一般区域,成熟综合生活区、配套商场、公园,高优通达,【所在路】支路(荷城街道西江新城景阳街) / 次干道(景阳路)0m / 主干道/快速路(平山大道)132m / 次干道(荷富路辅路)265m,,
宝安沙松路站,深圳,"113.822789,22.764446",一般区域,属于高新科技园+现代商务+高密城中村复合型商圈。附近为密集工业区，入驻企业多为工业设计、智能制造等企业,一般通达,位于沙松路是（一般公路，井北部的南北向骨干道路，向北直通松岗，向南衔接沙井核心区）,,
龙岗吉华路站（吉通工业园）,深圳,"114.076475,22.639998",一般区域,1.5km内以工业区及老旧住宅为主,一般通达,【所在路】次干道(吉华路) / 次干道(石背路(西))30m / 次干道(石背路)136m / 次干道(杨山路)147m,,
南山沙河西路站,深圳,"113.952591,22.582192",次级商圈,1.5km内为成熟住宅区及配套商业,高优通达,主干道/快速路(留仙大道辅路)147m / 次干道(新高路)157m / 主干道/快速路(留仙大道)164m,,
长安莞长路站,东莞,"113.974546,23.021116",一般区域,1.5km内以厂区及产业园为主,一般通达,【所在路】次干道(新城路) / 次干道(沿江南路)141m / 次干道(创裕路)141m,,
番禺广场市莲路停车场-番禺市莲路站,广州,"113.390006,22.939036",次级商圈,附近为商场、材料装饰城、住宅区、产业园,高优通达,位于市莲路（城市主干道）、番禺大道北（城市主干道）。毗邻番禺广场地铁站,,
番禺大道北站-捷电通,广州,"113.385067,22.951677",一般区域,位于加油站，附近为大厦、创意园,高优通达,位于番禺大道北（城市主干道）,,
白云佰德商业广场-白云鹅掌坦站,广州,"113.234597,23.156534",次级商圈,站点位于商业广场,一般通达,站点位于西槎路,,
宏泰创客空间-天河珠村护林路站-顶替天茂路二选一,广州,"113.418842,23.118287",一般区域,成熟综合生活区、配套商场,高优通达,【所在路】支路(珠吉街道东横一路) / 主干道/快速路(中山大道中)43m / 支路(珠村南门社新街)51m / 支路(珠村大塘边街)89m,,
羊充-番禺南浦站,广州,"113.289963,23.031758",次级商圈,1.5km内为成熟住宅区及地铁站商业,一般通达,次干道(浦华路)30m / 次干道(水厂路)196m / 次干道(南桂路)230m,,
顺联公园里-南海季华东路站,佛山,"113.164881,23.013955",一般区域,站点位于禅城区文化公园右侧网格，站点位于顺联广场，附近为住宅区、学校,高优通达,毗邻季华东路（横向，城市主干道）,,
宝安东方大道站（鑫伟润创客中心，替换松岗汽车站）,深圳,"113.850195,22.758727",一般区域,附近为加油站、电子城,高优通达,位于广深公路（纵向，城市主干道）,,
宝安机场码头站,深圳,"113.814664,22.600913",核心商圈,毗邻机场，附近为学校、住宅区、购物中心,一般通达,位于广深公路，纵向连接宝安区,,
宝安环镇路站（智荟先进产业园）,深圳,"113.812111,22.738393",一般区域,处于产业园（高新企业）内部，附近为工业区，周边分布成熟的社区、商场,高优通达,位于一般道路，毗邻宝安大道（城市主干道）,,
大朗工业东路站（科旺）,东莞,"113.872329,22.986013",一般区域,1.5km内以工业区及厂区为主,一般通达,【所在路】次干道(枫兴路与石大公路交叉口) / 次干道(石大公路)0m / 次干道(枫兴路)1m / 支路(和荔街)19m,,
龙岗沙荷路站（新龙低碳产业园）,深圳,"114.229299,22.640389",一般区域,位于科技园，附近为学校、商场、住宅区、工业园,一般通达,位于沙荷路（一般公路）,,
万江万道路站,东莞,"113.699708,23.028581",核心商圈,核心区域，位于东莞市人民医院对面，附近为住宅片区和学校,一般通达,紧靠新万道立交桥，连接东莞市区重要交通枢纽,,
番禺会江站-捷易电汽车充电站(乐万充广州南超充),广州,"113.279489,23.009648",次级商圈,附近为工业区、产业园，直线距离广州南站1.85km,一般通达,【所在路】次干道(石中二路) / 次干道(官坑工业一路)16m / 次干道(大榄地路)88m / 次干道(官坑工业三路)91m,,
番禺板桥站-嘉信驾校,广州,"113.492185,23.023021",一般区域,位于番禺区南村镇南大干线辅路沿线，站点设于驾校场地内，周边以驾校、工业厂房和城中村为主，有少量住宅配套，属城郊工业混合型片区，消费商圈氛围较弱，流量以周边工人及驾校学员为主,一般通达,站点位于南大干线辅路（番禺区重要东西向通道，连接番禺东西两侧），整体对外交通便利,,
厚街南环路站,东莞,"113.644279,22.930744",核心商圈,处于厚街镇中心网格边缘，毗邻镇中心,一般通达,站点位于南环路，通向厚街镇中心,,
龙华大浪北路站,深圳,"113.994702,22.694468",一般区域,站点位于驾校训练场旁，附近为工业区、住宅区,一般通达,站点位于大浪北路（一般公路，纵向),,
龙华大富路站,深圳,"114.029538,22.658485",一般区域,站点位于工业园区内，附近为科技园,一般通达,毗邻大富路（纵向，一般公路）,,
光明融汇路站,深圳,"113.919247,22.723668",一般区域,站点位于产业园,一般通达,站点位于同仁路（一般公路，横向）,,
天河黄埔大道中站,广州,"113.385838,23.125496",次级商圈,站点紧邻东方国际建材城（大型建材专业市场），周边聚集装饰材料城、住宅小区，属专业市场+居住复合型商圈；距天河城核心商圈正西约5.7km，属天河区东部成熟专业市场商圈，与天河核心零售商圈有一定距离隔断,高优通达,站点位于黄埔大道中（城市东西向主干道）沿线；西北方向约420m为科韵路地铁站（APM线，可衔接天河路商圈）；北侧约600m为棠下地铁站（6号线）,,
白云太和中路站-安神禧越酒店-,广州,"113.357017,23.289693",郊区/偏远,郊区，距离白云山公园约4km，周边有商场、学校和住宅区,一般通达,紧靠太和中路（直线距离200m），连接S115省道到市区，或S116省道连接沈海高速、京港澳高速、华南快速,,
增城发展路站-增城汇都公馆,广州,"113.679713,23.171018",核心商圈,位于增城区核心商圈，距离新塘地铁站和新塘南站高铁站约1.6km，周边为住宅区和工业区,高优通达,距离荔新大道约0.5km，北上可达增城区中心，南下连接广深大道可达广州市区,,
广州南站站-番禺南站石建混凝土,广州,"113.25718,22.991898",核心商圈,紧靠广州南站（1km），附近多为酒店和公司,一般通达,距离大洲路约0.6km，东向约3km可达广州南立交，互通广州任意方向,,
南海佛平三路站-盛世腾飞智造园(夏西园),佛山,"113.167992,23.036299",核心商圈,核心区域，网格内为密集的商场、住宅区和学校，西向驾车约2km为千灯湖公园（佛山核心区域）,一般通达,位于佛平三路公路上，西向驾车约2km为千灯湖公园；东北向驾车约2km可达广佛江珠高速入口，连接大湾区数城市,,
顺德勒流育贤大道站,佛山,"113.131645,22.846844",次级商圈,站点位于商场，周边为密集住宅区，学校和公司片区,一般通达,紧靠百安公路（约200m），西向驾车约5km可达南水互通立交主线桥和勒流立交（立交桥连接广佛江珠高速和广州环城高速）,,
南海浔峰洲路站,佛山,"113.182516,23.156081",次级商圈,非核心区域，附近为大片住宅区、学校和生态公园，毗邻广州白云区（0.6km），站点西侧网格才是核心需求区,一般通达,南下约5km可达广佛高速收费站；驾车东向2km可达广州浔峰岗地铁站（广州地铁6号线西端起点）,,
香洲情侣南路站,珠海,"113.57445,22.232564",一般区域,附近为将军山公园、密集住宅区和学校,一般通达,位于情侣南路，距离珠海渔女驾车约7km，距离拱北口岸和珠海高铁站驾车约3km,,
坦洲镇南坦路站-智盛大厦,中山,"113.488454,22.26766",一般区域,位于中山与珠海香洲区交界处，周边为住宅片区。,一般通达,距离珠海明珠高铁站约3km，距离香海高速约2km，连接中山南北区域,,
"万江中心区东路站
（盛世华南）",东莞,"113.70893,23.031399",核心商圈,核心商圈，位于商场对面，附近是密集住宅区和公园（与对标站点网格相邻）,一般通达,距离万道立交桥约0.5km，连通东莞市区各区域,,
"虎门赤岗富马路站
（红星学校旁停车场）",东莞,"113.712449,22.849565",一般区域,附近多为住宅区、工业区、产业园、学校,一般通达,西向可达虎门港立交，连接虎门港高速（高速横跨东莞东西）,,
南城环城西路站,东莞,"113.72798,22.994572",核心商圈,核心区域，附近为商业广场、密集住宅区、学校和公园（与对标站点相邻）,一般通达,距离环城路莞太立交约0.3km，属于东莞市区核心干道，连接东莞各镇区,,
"龙岗龙富路站
（速来电超充站龙富路站）",深圳,"114.246884,22.720889",核心商圈,附近为商业广场、密集住宅区、学校、公园,高优通达,毗邻龙岗大道，东向驾车4km可到龙岗立交，连接龙岗大道、深汕路、沈海高速,,
福田下梅林一街站,深圳,"114.034268,22.560901",一般区域,附近为医院、住宅区、公园,高优通达,毗邻北环大道，驾车约1.6km可达北环香蜜立交（连接南山区和福田区的枢纽）,,
花都三东大道站,广州,"113.24019,23.407727",一般区域,附近为建材采购中心和住宅区（建材中心南部有一大片空地）,一般通达,东向驾车约4km可达大广高速（连接清远、花都、白云）；东向驾车行驶约12km可达白云机场,,
白云同泰路站-南湖麒麟山庄,广州,"113.312401,23.21633",一般区域,附近为学校、住宅去、白云山公园,高优通达,驾车西向约2km可达广佛肇高速和白云大道北（南北连接广州）,,
增城新荔公路站-小桔汽车充电站(增城万达广场站),广州,"113.814368,23.275453",核心商圈,核心商圈，位于万达广场，附近为住宅区,高优通达,位于增长大道和荔新公路（互通广州）,,
古镇同兴路站-小桔充电汽车充电站(速达同兴路),中山,"113.205364,22.602868",一般区域,附近为工业区、购物广场、住宅区,一般通达,北向直线距离12km为佛山顺德；西向过桥即为江门市；东南向驾车行驶约4km可达沙古公路可达中山市区,,
火炬开发区中山六路站-中山火炬开发区经双仓储服务部,中山,"113.428481,22.520936",一般区域,附近为学校、住宅区，西向直线距离中山市政府约3.5km，北向直线距离中山站高铁站约2.7km,一般通达,距离公路（孙文东路）约车距800m，可连接长江北路（贯穿中山南北）；距离广澳高速驾车约5.5km（连接广州南沙区和珠海）,,
长安上南路站,东莞,"113.708132,22.796584",一般区域,位于与虎门的交界处，附近为密集工业区和科技园,高优通达,站点位于振安西路，驾车约2km可达滨海大道（连接虎门、长安、滨海湾新区）,,
石碣向阳路站,东莞,"113.80795,23.105634",一般区域,附近为医院、工业园区、住宅区,一般通达,站点位于崇焕公路（连接高埗镇和东莞市区）,,
石排海仔北路站,东莞,"113.939178,23.095879",一般区域,站点位于学校，附近有科技园,高优通达,站点毗邻公路，附近有石排大道和石崇大道，贯穿石排镇区,,
顺德北滘广珠公路站,佛山,"113.263772,22.950062",一般区域,附近为商业广场、写字楼、公寓,一般通达,站点位于广珠公路，东向连接广州番禺区，南向连接顺德区,,
小榄环镇北路站,中山,"113.225305,22.684499",一般区域,位于小榄镇与佛山顺德交界处，附近为工业区、学校和商业广场,一般通达,站点位于环镇北路，连接广中江高速（东接广州南沙，西接江门，南接中山）,,
"坪山坪联路站（Miix）
（二选一）",深圳,"114.336201,22.684481",一般区域,附近为住宅区,高优通达,驾车1.2km可达坪山大道（连接龙岗区、坪山区和惠州）,,
东城狮龙路站,东莞,"113.809893,23.066429",一般区域,站点位于科技园，附近为科技园区、产业园、住宅区,一般通达,毗邻环城东路，连接东莞市区,,
增城新塘大道站,广州,"113.59,23.12",次级商圈,附近为商业广场、学校、家具材料城、住宅区,高优通达,站点毗邻新塘大道西路（横向连接新塘区和黄埔区）,,
龙岗万国城站,深圳,"114.127225,22.653913",一般区域,附近为科技园、写字楼、物流中心,高优通达,毗邻平吉大道，连接沈海高速和清平高速,,
万江和谐路站,东莞,"113.716026,23.011571",一般区域,附近为住宅区、产业园,一般通达,毗邻坝新路和坝新路跨线桥（连接东莞市区的交通枢纽）,,
常平常东路站（miix）,东莞,"114.033903,22.963685",一般区域,站点位于大型地面停车场和钢铁厂隔壁，附近为工业园区,一般通达,站点不在公路上，毗邻常东路（小路）,,
龙岗新厦大道站（miix）,深圳,"114.12408,22.700712",一般区域,站点位于住宅区，附近为工业园,高优通达,站点毗邻新厦大道，可连接平龙路（省道）,,
三水口岸大道站,佛山,"112.88,23.17",一般区域,附近为住宅区,高优通达,站点不在公路上，距离公路广海大道西车程约800m（横向连接三水区）,,
龙岗马安堂中兴路站,深圳,"114.083575,22.623959",一般区域,站点位于写字楼大厦，附近为科技园,一般通达,站点毗邻布龙路（横向）和龙景立交一号桥，可连接清平高速（纵向枢纽）,,
南山欧源路站,深圳,"113.965459,22.55721",一般区域,站点位于家具城，附近是公园、学校、高尔夫球场,高优通达,站点毗邻北环沙河东立交、北环大道（横向）,,
寮步工业北三路站,东莞,"113.90608,22.969141",一般区域,站点位于工业园区,一般通达,站点毗邻新城路（纵向连接松山湖）和莞樟路（横向连接东莞市区和西边镇区）,,
从化从城大道站,广州,"113.607055,23.530092",次级商圈,站点附近为从化汽车站、家居广场,高优通达,站点位于从城大道（横向连接从化）,,
白云朝阳联窖路站-MIIX,广州,"113.22,23.24",一般区域,"与白云朝阳朝丰路站直线距离2km
站点靠近佛山南海区，附近为住宅区、学校",一般通达,站点位于朝阳联窖路，毗邻朝阳立交（连接广佛肇高速、许广高速）,,
黄埔丰乐北路站,广州,"113.455632,23.11476",次级商圈,站点位于黄埔体育中心，附近是商场、产业园、学校、住宅区,高优通达,站点位于广园快速路、丰乐北路、护林路,,
龙岗京南路站（Miix),深圳,"114.126541,22.601823",一般区域,附近为工业区、创意园、住宅区,高优通达,站点位于翔鸽路（一般公路），驾车北向行驶约1.5km可达龙岗大道（城市主干道）,,
大朗葡萄塘路站,东莞,"113.925357,22.963085",一般区域,站点位于大朗镇和松山湖交界处，附近为住宅区，附近为工业区、产业园、学校,高优通达,站点毗邻竹山跨线桥和莞樟路（城市主干道，横向连接东莞市区和西边镇区）,,
常平常平大道站,东莞,"113.992534,22.961298",一般区域,站点位于常平镇与大朗镇交界处，附近为加工厂、商场,高优通达,站点毗邻常平大道（城市主干路）,,
虎门怀德路站,东莞,"113.733668,22.830001",一般区域,站点位于产业园，附近为工业园、厂房,一般通达,站点位于怀德路（一般公路），毗邻358省道虎门段,,
白云人和方华公路站-miix,广州,"113.288962,23.331373",一般区域,站点位于大厦，附近为科技园、工业区、学校,一般通达,站点毗邻方华公路（城市主干路，纵向）,,
南海大沥客运站站-1,佛山,"113.103107,23.120878",一般区域,"与南海大沥客运站站-2相隔0.17km；
站点位于客运站边缘，附近是宠物用品批发市场、物流园",高优通达,毗邻松岗大道南（城市主干道，纵向）,,
顺德南霞南路站-云高领地文体小镇,佛山,"113.28306,22.798287",一般区域,附近为住宅区、幼儿园,高优通达,毗邻容奇大桥和广珠公路（城市主干道，纵向）,,
香洲西环路站,珠海,"113.536291,22.204705",一般区域,站点位于与澳门交界处，写字楼大厦，附近均为大厦和工业区,一般通达,站点毗邻中心路（一般公路）,,
石岐莲员东路站,中山,"113.378428,22.531105",一般区域,附近为商业广场、住宅区、医院,高优通达,站点位于莲员东路（一般道路），附近无城市主干道或快速路,,
东区博爱六路站,中山,"113.416059,22.502083",一般区域,站点位于博览中心，附近为商场、住宅区、学校、公园,高优通达,站点位于博爱六路（城市主干道，横向连接中山市区）,,
龙华宁远路站,深圳,"114.039338,22.603886",一般区域,附近为住宅区,高优通达,站点位于新区大道（一般公路，纵向），北向驾车行驶约1km可达深圳北站,,
南海南海路站-碧翠华庭,佛山,"113.192366,23.107924",一般区域,附近为住宅区、装饰市场,高优通达,站点位于广佛新干线和南海路（城市主干道，纵向）,,
南海招大路站,佛山,"113.035042,23.093788",一般区域,附近为大片产业园,一般通达,站点位于招大路（一般公路，纵向）,,
虎门会展中心站,东莞,"113.683022,22.816244",核心商圈,附近为公园、商业广场、大厦,高优通达,毗邻连升中路（一般公路)和虎门大道（一般公路)，毗邻滨海大道（城市主干道，纵向）,,
黄江盛业路站,东莞,"114.02836,22.91465",次级商圈,附近为商业广场、产业园,高优通达,位于盛业路（一般公路），毗邻东环匝道桥驾车约0.3km（城市主干道，横向连接黄江镇和樟木头镇）,,
南城雅园工业路,东莞,"113.763196,22.982629",一般区域,站点位于工业园区，附近为产业园、医院、大厦,高优通达,站点位于百花林路（一般公路），毗邻环城南路驾车约1km（城市快速路，城市主要枢纽干道）,,
龙华民治大道站,深圳,"114.035723,22.63575",一般区域,站点位于工业园区，附近为工业园和住宅区,高优通达,站点毗邻布龙路（驾车行驶0.5km）（城市主干道）,,
南海广佛新干线站-叁潭,佛山,"113.164227,23.101839",一般区域,站点位于石油李卡加油站，附近为工业区,一般通达,站点位于佛山一环路（一般公路，纵向）,,
光明东茂路站,深圳,"113.918746,22.757004",一般区域,站点位于工业区,高优通达,毗邻周家大道（横向，一般公路）,,
龙岗新康路站,深圳,"114.121553,22.665317",一般区域,附近为创意园、工业园,高优通达,附近为沈海高速平湖收费站、平吉大道（纵向，城市主干道）,,
寮步上中路站,东莞,"113.863976,22.967153",一般区域,附近为物流公司、汽车维修中心,高优通达,站点位于松山湖大道（纵向，一般公路）,,
塘厦得胜路站,东莞,"113.863976,22.967153",一般区域,站点位于工业园区内，附近均为工业园和科技园,高优通达,站点位于石桥段路（纵向，一般公路），驾车行驶约1.1km可达蛟坪大道（纵向，城市主干道）,,
增城荔城大道站,广州,"113.807636,23.29737",一般区域,附近为住宅区，更靠近增城新区（但位置没有增城新荔公路站好）,高优通达,位于荔城大道辅路（横向，一般公路）,,
西区彩虹大道站-轻卡,中山,"113.332876,22.562408",一般区域,附近为厂区、工业区,高优通达,位于彩虹大道（纵向，城市主干道）,,
黄埔永和大道站,广州,"113.554635,23.194934",一般区域,站点位于科技园区内,高优通达,站点位于永顺大道中（横向，城市主干道）,,
龙华观光路站,深圳,"114.003616,22.732716",一般区域,站点位于工业园区，附近为观澜湖度假区、学校、水质净化厂,高优通达,毗邻观光路（城市主干道）,,
宝安黄朗路站(Miix),深圳,"113.836352,22.799206",一般区域,站点位于工业区，附近为农贸市场、商场，与东莞长安镇交界,高优通达,位于广田路（横向，城市主干道），毗邻广深公路（纵向，城市主干道）,,
白云白云大道北站,广州,"113.255693,23.23405",一般区域,附近为学校、白云山、酒店,高优通达,位于白云大道北路（纵向贯穿白云区，城市主干道）,,
顺德东乐路站,佛山,"113.257013,22.85464",一般区域,站点位于商业广场，附近为大片住宅区。与广州南沙区交界。,高优通达,毗邻碧桂路（纵向，城市主干道，驾车行驶约1km）；南国东路（横向，城市主干道，驾车行驶约1.5km）,,
南海南桂东路站,佛山,"113.153016,23.033845",次级商圈,附近为大型商场、大厦、学校、北向驾车约1.4km为千灯湖公园（佛山核心区域）,高优通达,位于南桂东路（一般公路），毗邻佛平二路（横向，城市主干道）,,
番禺龙美莲花路站-MIIX,广州,"113.393996,22.942906",一般区域,站点位于科技大厦，附近为学校、住宅区、空地,高优通达,"站点位于一般公路，毗邻番禺大道北（驾车行驶约0,8m，纵向，城市主干道）",,
荔湾龙溪大道二站,广州,"113.19016,23.065428",一般区域,站点位于与佛山南海区交界处，附近为家具市场、学校,高优通达,站点位于龙溪大道（横向，城市主干道）,,
香洲梅华西路站,珠海,"113.514209,22.275764",核心商圈,附近为住宅区、公安局、珠海市体育中心，距离高铁站明珠站车距1.3km,高优通达,站点位于梅华西路（横向，城市主干道）,,
宝安石观路站,深圳,"113.953778,22.689847",一般区域,站点位于工业区，附近为住宅区、驾校、山林,高优通达,站点位于石观路（城市主干道），沈海高速（驾车行驶约4km可达高速入口）,,
龙岗富坪中路站（Miix）,深圳,"114.318471,22.769918",一般区域,站点位于产业园区，附近为科技园、工业区、住宅区、学校,高优通达,毗邻富坪中路（城市主干道）和龙岗大道（城市主干道）,,
白云机场三站,广州,"113.302895,23.387365",核心商圈,位于机场内停车场,高优通达,位于机场大道（连接机场高速）,,
白云聚龙站,广州,"113.239896,23.182292",一般区域,附近为家居中心、五金灯饰批发商城、写字楼大厦、工业区、住宅区,一般通达,位于棠槎路（一般公里）、聚龙地铁站,,
番禺南庭路站,广州,"113.364915,22.993823",一般区域,附近为学校、驾校、住宅区、商场,高优通达,毗邻桥南路（城市主干道）,,
海珠工业大道中站,广州,"113.267601,23.078841",一般区域,"附近为公园、学校、住宅区、医院、产业园

位于荔湾区和海珠区交界附近",高优通达,位于工业大道中（城市主干道）,,
海珠南洲立交站,广州,"113.329974,23.061106",一般区域,附近为湿地公园、海保培训中心、住宅区,一般通达,位于新光快速干线,,
海珠新滘东路站,广州,"113.374965,23.08927",一般区域,站点位于创意园区内,一般通达,位于新滘东路（一般公路）和科韵南路（一般公路）,,
白云广花一路站,广州,"113.253398,23.250119",一般区域,附近为工业园区、创意园区,高优通达,位于广花二路（纵向，城市主干道）,,
禅城季华二路站,佛山,"113.062517,23.011124",次级商圈,站点位于创业园区，附近为产业园、高新技术开发区、住宅区,高优通达,位于季华三路（横向，城市主干道），张槎地铁站,,
宝安福洲大道站,深圳,"113.82113,22.676444",一般区域,附近为密集住宅区、公园,高优通达,站点位于福洲大道（一般公路）、政丰北路（城市主干道）,,
寮步寮城中路站,东莞,"113.813505,23.024234",一般区域,"位于汽车客运站，附近为住宅区、石场、石园

位于寮步与东城交界处",高优通达,位于环城东路（城市主干道）、莞樟路（城市主干道）,,
高埗中心东路站,东莞,"113.755637,23.104047",一般区域,位于充电站、附近为工业园区,高优通达,位于北王路（纵向，城市主干道）,,
惠阳东方新城站,惠州,"114.428604,22.801489",一般区域,附近为住宅区、工业区、塑胶制品厂、能源公司、高尔夫球场、学校,一般通达,位于秋宝路（一般公路）、规划路（一般公路）,,
增城荔新大道站-MIIX,广州,"113.616649,23.137457",一般区域,位于产业园，附近为工业区、科技园,高优通达,位于荔新大道（城市主干道）,,
小榄民安南路站-二选一,中山,"113.270754,22.647897",次级商圈,附近为学校、住宅区、小榄站高铁站,高优通达,位于环镇南路（城市主干道）,,
顺德岳步大道北站,佛山,"113.14024,22.938857",次级商圈,附近为学校、住宅区、市场、公园、空地,一般通达,位于西岳线（一般公路），毗邻岳步地铁站,,
厚街康乐南路,东莞,"113.669867,22.899907",次级商圈,"附近为家居广场、医院、厚街站高铁站（驾车0,9km）",高优通达,位于家具大道（一般公路）,,
横沥金马路站,东莞,"113.9492,23.025814",一般区域,位于工业区，附近为工业区、产业园、学校,一般通达,位于金马路（一般公路）,,
三乡沙坦路站,中山,"113.456514,22.356245",次级商圈,附近为空地、住宅区，距离附近商场直线距离1.35km,高优通达,位于坦洲快线（城市主干道）,,
小榄广源中路站,中山,"113.242191,22.642684",次级商圈,位于商场，附近为体育馆、学校、住宅区,高优通达,毗邻民安中路（城市主干道）,,
禅城文华公园站,佛山,"113.13408,23.012169",核心商圈,站点位于禅城区中心区域，位于文华公园内，附近为体育馆、商场、医院,高优通达,位于季华路（横向，城市主干道）,,
荔湾水秀二路站,广州,"113.209092,23.081286",一般区域,"站点附近为公园、住宅区

站点位于荔湾区与佛山南海区交界处",高优通达,位于增翠路（一般公路），毗邻驾车行驶至龙溪大道约2km（横向，连接广佛，城市主干道）,,
天河岑村丰庄大街站,广州,"113.395843,23.157486",一般区域,"站点位于住宅区内，附近为学校、产业园

位于天河区中部",一般通达,站点位于一般公路,,
黄埔体育中心站,广州,"113.456636,23.114878",一般区域,附近为住宅区、公园、学校、医院,一般通达,站点位于护林路（一般公路）,,
天河车陂路站,广州,"113.39217,23.118861",次级商圈,附近为住宅区、装饰材料城、金融城,高优通达,站点位于黄埔大道中（一般公路），附近为车陂南地铁站,,
广州塔站,广州,"113.323774,23.100163",核心商圈,附近为广州塔广场、密集住宅区、艺术博物馆、科学馆、创意园区、商场,高优通达,位于艺洲路（一般公路），驾车行驶约1km为广州大桥/广州大道南（纵向，城市主干道）,,
白云松南路站,广州,"113.221771,23.151173",一般区域,"附近为住宅区、商场

位于荔湾区、白云区、佛山南海区交界处",高优通达,站点位于增槎路（纵向，城市主干道）,,
海珠琶洲站,广州,"113.358553,23.096499",次级商圈,附近为保利世贸博览馆、广交会展馆、酒店、写字楼大厦,一般通达,位于凤浦中路（一般公里），毗邻琶洲地铁站,,
南海永安北路站,佛山,"113.214824,23.041245",一般区域,"位于南海区与广州荔湾区交界处

附近为产业园、工业区、住宅区、幼儿园",高优通达,位于永安北路（城市主干道）、南港立交桥,,
白云大源北路站,广州,"113.36,23.28",一般区域,站点位于创意园区，附近为物流园，距离白云山公园约1km,高优通达,站点位于大源北路（纵向，城市主干道，连接白云大道到市区）,,
花都风神大道站-miix,广州,"113.155127,23.378345",次级商圈,附近为体育馆、住宅区、高尔夫球场、学校,高优通达,位于风神大道（城市主干道），位于飞鹅岭地铁站,,
南山沙河东路站,深圳,"113.959801,22.52628",次级商圈,附近为高尔夫球场、学校、住宅区、写字楼商务大厦,高优通达,位于沙河东路（一般公路），毗邻红树湾南地铁站、毗邻滨海大道（横向，城市主干道）,,
花都空港大道站-miix,广州,"113.314824,23.424349",一般区域,附近为酒店、学校、住宅区,高优通达,位于飞粤大道（连接机场大道）（城市主干道）,,
三乡谷都大道站-miix,中山,"113.471819,22.319396",一般区域,"位于中山三乡镇与珠海香洲区交界处（直线距离香洲区约1.3km）

位于塑胶制品厂，附近为古玩城、工业区、家具城",高优通达,位于谷都大道（纵向，城市主干道）,,
坪山秀新路站（Miix),深圳,"114.377264,22.744069",一般区域,附近为智创园、工业园,一般通达,位于秀新路（一般公路）,,
香洲福石路站,珠海,"113.50835,22.237841",一般区域,附近为学校、住宅区、水质净化厂、格力有限公司,高优通达,位于福石路（一般公路），毗邻新珠路（城市主干道，车距0.5km）,,
南海桂龙路站,佛山,"113.101437,23.104737",一般区域,附近为物流公司、创意小镇、空地、住宅区,高优通达,位于一般公路，毗邻桂和公路（驾车行驶约0.71km，城市主干道）和桂和立交桥,,
南海官里路站-MIIX,佛山,"113.087343,23.22427",一般区域,附近为学校、旧货市场,高优通达,位于官里路（城市主干道）,,
顺德环市南路站,佛山,"113.260812,22.817528",一般区域,附近为住宅区、医院、学校,一般通达,位于环市南路（一般公路）,,
宝安福园一路站-Mixx,深圳,"113.78874,22.696908",一般区域,位于工业园区，附近为大片工业园和科技园、深圳国际会展中心,一般通达,位于福园一路（一般公路）、毗邻国展地铁站,,
宝安福园一路站-Mixx,深圳,"113.78874,22.696908",一般区域,位于工业园区，附近为大片工业园和科技园、深圳国际会展中心,一般通达,位于福园一路（一般公路）、毗邻国展地铁站,,
龙华龙华大道站,深圳,"114.046973,22.721281",一般区域,位于科技园，附近为学校、住宅区、工业区,一般通达,位于丹霞路（一般公路）,,
龙岗清风路站-miix,深圳,"114.282722,22.684052",一般区域,位于工业园，附近为大片工业园、产业园区、学校,高优通达,位于清风大道（一般公路），毗邻南约地铁站,,
大岭山华表街站-Miix,东莞,"113.869719,22.940273",一般区域,位于工业区，附近为住宅区、学校,一般通达,位于一般公路，毗邻石大公路（车程0.5km，省道）,,
高埗三塘西路站-Miix,东莞,"113.721951,23.098399",一般区域,附近为工业园、物流公司,高优通达,位于高埗大道（城市主干道）,,
南城乐园街站,东莞,"113.748936,23.022391",核心商圈,附近为人民政府、市体育中心、商场、住宅区,高优通达,位于胜和路（一般公路），毗邻莞太路（城市主干道，车程0.5km）,,
惠州仲恺大道站,惠州,"114.392937,23.066975",一般区域,附近为党校、酒店、住宅区,高优通达,位于鹅岭南路（城市主干道）,,
南海里水大道站-MIIX,佛山,"113.163249,23.148868",一般区域,附近为工业园、开发区,高优通达,位于里水大道南（城市主干道）,,
南海博爱中路站-MIIX,佛山,"113.166433,23.105657",一般区域,位于产业园区，附近为工业园,高优通达,位于佛山一环路（城市主干道），毗邻博爱路收费站（佛清从高速）,,
南海前进东路站-MIIX,佛山,"113.007157,23.202898",一般区域,位于工业园，附近为大片工业园、产业园区,一般通达,位于一般公路,,
博罗商业东街站,惠州,"114.285048,23.174384",核心商圈,位于博罗县中心，附近为商场、住宅区,高优通达,位于博罗大道中（城市主干道）,,
番禺万博海顺路站,广州,"113.349864,23.003268",核心商圈,位于番禺核心商圈，附近为大片商场、住宅区,高优通达,位于番禺大道北（城市主干道），南村万博地铁站,,
金湾双湖北路站,珠海,"113.345612,22.131245",一般区域,附近为学校、创意园、工业园,高优通达,位于珠海大道（城市主干道）,,
宝安宝石路站,深圳,"113.93,22.60",一般区域,附近为石材市场、住宅区、产业园,高优通达,位于宝石路（城市主干道）,,
惠城水口大道站,惠州,"114.46627,23.109517",一般区域,"属于水口街道

附近为工业区、学校、公园",高优通达,毗邻三环东路（城市主干道）,,
东坑百顺路站,东莞,"113.941561,22.98542",一般区域,站点位于工业区，附近为医院,一般通达,位于一般公路,,
鹤山鹤山大道站,江门,"112.978622,22.758363",一般区域,附近为商业大厦、旁边是花卉市场、团建钓虾营地、住宅区,高优通达,位于鹤山大道（城市主干道）,,
斗门金田二路站-miix,珠海,"113.304825,22.224315",一般区域,位于住宅区，附近为医院、公园,高优通达,位于连桥路（城市主干道），连接斗门区中心及政府,,
龙岗龙平路站,深圳,"114.255642,22.734217",次级商圈,附近为学校、住宅区、商场,高优通达,位于龙平路（城市主干道），毗邻盛平地铁站,,
光明朝凤路站站,深圳,"113.945935,22.737335",一般区域,"附近为科技园、工业园、留学生创业园、学校。
同一网格有光明区人民政府、光明新城公园（直线距离0.83km)",高优通达,毗邻观光路（城市主干道）、毗邻光明站高铁站（直线距离1km）,,
塘厦塘兴大道站,东莞,"114.086112,22.797034",一般区域,位于汽车客运站，附近为商业大厦、科技园、产业园,一般通达,位于一般公路,,
江海东海路站,江门,"113.103396,22.56615",核心商圈,"位于江海区区中心
附近为商场、大片住宅区",高优通达,位于一般公路，毗邻五邑路城市主干道（车距约0.5km）。毗邻江门东站高铁站（车距约1.5km）,,
大朗宏育东路站-Miix,东莞,"113.95256,22.949139",一般区域,附近为大片服饰公司,高优通达,位于大朗银朗南路辅路（城市主干道），毗邻大朗镇高铁站（车距0.8km）,,
大朗宏育东路站-Miix,东莞,"113.95256,22.949139",一般区域,附近为大片服饰公司,高优通达,位于大朗银朗南路辅路（城市主干道），毗邻大朗镇高铁站（车距0.8km）,,
增城石滩沙园路站-Miix,广州,"113.788942,23.180365",一般区域,附近为钓鱼场、天花装饰店、住宅区、蔬菜批发市场,一般通达,位于一般公路,,
东凤东凤大道站-MIIX,中山,"113.245322,22.704066",次级商圈,"附近为物流公司、五金厂等多种类型工厂；

位于东凤镇镇中心附近，斜对面为镇政府（直线距离1.26km）",高优通达,位于广珠公路（城市主干道），附近为东凤站高铁站（0.83km）,,
罗湖泥岗东路站,深圳,"114.109639,22.569687",次级商圈,附近为商场、住宅区、学校,高优通达,位于城市主干道（泥岗东路）,,
宝安福安路站-Miix,深圳,"113.817245,22.689161",一般区域,位于科技园、工业区,高优通达,毗邻宝安大道（城市主干道）、桥头地铁站,,
白云石湖村贝路站,广州,"113.342378,23.289206",一般区域,附近为汽车配件公司、物流公司、包装材料厂,高优通达,位于一般公路，毗邻广从公路（城市主干道，驾车约0.4km）,,
蓬江篁庄大道站,江门,"113.083435,22.621084",核心商圈,位于核心商圈，附近为公园、万达广场、科技馆、住宅区,一般通达,位于一般公路,,
西区蓝波路站,中山,"113.358353,22.512347",一般区域,位于住宅区，附近为大片住宅片区、学校,高优通达,站点位于一般公路（蓝波路），紧邻博爱一路匝道（城市主干道），车辆从主干道切入蓝波路非常迅速，且蓝波路相对更为宽阔，适合换电车辆的高频进出和短暂停留,,
海珠广州大道南站-miix,广州,"113.315192,23.084334",一般区域,"位于""中大布匹市场”商圈外围，附近是两个大型商场、住宅区",高优通达,位于广州大道南（核心城市主干道，广州南北向，车流量极大）,,
广州南站二站,广州,"113.27919,22.984547",核心商圈,位于万科世博汇商业综合体片区，紧邻广州南站，属于高铁枢纽外溢商圈,高优通达,位于一般公路，毗邻汉溪大道（城市主干道）,,
禅城禅港西路站-miix,佛山,"113.035416,23.004339",一般区域,附近为工业产房、科技园、学校,一般通达,位于该站点位于季华西路与魁奇西路这两条东西向大动脉的夹角区域,,
樟木头樟罗车站路站-专用站,东莞,"114.075844,22.909759",次级商圈,位于汽车交易市场，附近为住宅区，毗邻樟木头火车站商圈与周边大型成熟社区）,高优通达,位于莞樟西路（城市主干道,,
宝安象山大道站-专用,深圳,"113.883184,22.812186",一般区域,附近为大片工业区、产业园,高优通达,位于城市主干道（广田路，核心工业物流干道）,,
光明红花中路站-Miix,深圳,"113.903144,22.77592",核心商圈,位于商业圈，紧邻公明综合市场、各大购物广场及老牌住宅区,高优通达,站点位于振明路，紧邻红花中路。这两条路是光明区公明老城区的核心骨干道路。毗邻松柏路（城市主干道）,,
宝安钟屋站-Miix,深圳,"113.848095,22.622812",一般区域,典型的临空工业/居住综合体。周边分布着大量的工业园和城中村。紧邻深圳宝安国际机场的东南侧,一般通达,站点位于钟屋工业二路，紧靠广深公路（G107国道，是深圳流量最大的陆路大动脉之一），钟屋则是国道进入机场、领航城片区的重要支点,,
龙华观光路二站-专用,深圳,"114.022706,22.728811",一般区域,典型的工业/商办综合片区。周边聚集了大量的高新产业园、物流园区以及成熟的城中村,高优通达,位于观光路，（城市主干道，连接龙华、光明及东莞的一条重要的东西向主干道，也是深圳北部的交通动脉）。站点位于新时代广场，属于路口核心位置，交通流转非常顺畅。,,
惠城金府路站,惠州,"114.416549,23.170319",一般区域,"位于惠城区江北街道

附近为物流园、工业园",高优通达,位于一般道路，毗邻城市主干道（惠州大道）,,
惠城会展东街站,惠州,"114.41876,23.102257",核心商圈,"位于江北街道的核心区域

该站位于会展中心周边，紧邻广电大楼和北部篮球公园。这里是惠州市级的行政、文化、商务三中心交汇处",高优通达,位于惠州大道（城市主干道）,,
新会市新会大道站-miix,江门,"113.070691,22.517261",次级商圈,站点位于新会站高铁站旁，附近为果园种植基地、空地，距离核心商圈万达广场约2.5km,高优通达,位于新会大道、江门大道南与新会站的交汇处,,
黄埔开创大道站-miix,广州,"113.510471,23.174731",一般区域,位于黄埔东区工业园/云埔工业区附近。周边聚集了大量生产制造型企业和大型物流中转站，以及学校、住宅区,高优通达,位于开创大道（城市主干道）,,
珠海金湾机场站,珠海,"113.199404,22.009549",核心商圈,位于珠海金湾机场南面，附近为航空产业园、山头、观澳区,高优通达,位于城市主干道,,
霞山海静路站,湛江,"110.416977,21.213293",次级商圈,附近为成熟密集的住宅区，毗邻观海长廊、渔港公园及海滨公园,高优通达,紧邻海滨大道南（湛江南北向流量最大城市主干道）,,
霞山龙平南路站,湛江,"110.398639,21.230888",核心商圈,距离华都汇（霞山区核心商圈）直线距离约 1-1.5 公里。附近为高密度的住宅区,一般通达,位于龙平南路（一般公路），站点优势在于避开了华都汇正门口（绿华路、乐山路）最拥堵的路段，但又完全在华都汇核心流量的“吸纳半径”内,,
天河广汕二路站,广州,"113.39727,23.193891",次级商圈,"附近为塑料公司、驾校、城中村

位于天河与黄埔交界",高优通达,附近为柯木塱地铁站，位于城市主干道,,
宝安洲石路站-Miix,深圳,"113.922743,22.671331",一般区域,位于密集高新产业园、工业园、物流园、学校。处于连接机场、鹤洲与石岩的交通要道,高优通达,位于洲石路（城市主干道）,,
桥头桥龙路站-Miix,东莞,"114.08,23.03",一般区域,位于科技园、工业园区内，周围是密集小型加工厂,高优通达,位于城市主干道（桥龙路，连接了镇中心与周边社区）,,
道滘振兴路站-专用站,东莞,"113.676362,23.005533",核心商圈,位于道滘镇镇中心，紧邻道滘镇政府、政府花园及文化广场。,高优通达,位于城市主干道,,
麻涌兴华路站-专用站,东莞,"113.57,23.06",一般区域,位于核心产业带，附近是生态公园、工业区,高优通达,位于兴华路和广麻大道（西向连接广州黄埔区）交汇处,,
龙岗凤安路站-Miix,深圳,"114.246884,22.720889",一般区域,城中村高密集区+工业配套，位于科技园，隔壁是水库。处于双龙地铁站辐射圈外围，周边多为自建房和小型加工厂,高优通达,位于一般道路，紧邻城市主干道（爱南路）,,
虎门金捷路站-专用,东莞,"113.696674,22.808111",一般区域,位于虎门镇南部的小捷滘工业区，是虎门传统的制造业所在地，周边密布电子、五金及服装加工厂，产业成熟度高,高优通达,位于捷南路（虎门纵向的主干道）,,
南海机场路站-miix,佛山,"113.071681,23.066364",一般区域,位于交通枢纽边缘+工业/仓储区，附近为五金加工厂、模具厂等制造公司,一般通达,位于机场路（连接禅城与罗村、狮山的重要干道）,,
蓬江江门大道中站-miix,江门,"113.037626,22.744169",一般区域,周边分布着大量的五金、建材及食品加工园,高优通达,位于江门大道与西环路的交界地带。江门大道是江门市的贯穿性快速路；西环路则是连接杜阮与蓬江中心区的干道,,
花都空铁大道站-MIIX,广州,"113.238639,23.366458",一般区域,属于成熟工业区+空港辐射圈。周边分布着制衣厂及和大量服装加工、仓储及物流配套企业，是花都传统的产业集聚区,高优通达,位于空港大道（是连接机场的主要通道之一）,,
白云广花一路二站,广州,"113.261344,23.222702",一般区域,白云区著名的物流中转站和城中村聚居区，周边分布着大量的创意园、小型加工厂和物流仓库。,一般通达,位于商业街，毗邻广花一路（白云区连通南北的物流大动脉）,,
小榄东锐工业大道站,中山,"113.312564,22.613451",一般区域,位于小榄镇直河南路与直河西路交汇区域，属于小榄传统制造业的核心腹地。属于工业制造+外来人口聚居区。小榄以五金、制锁、服装闻名，该区域分布着大量中小型工厂和作坊,一般通达,位于一般公路,,
蓬江蓬莱路站-PRO,江门,"113.08729,22.581444",核心商圈,位于蓬江老城区核心地带，周边是老牌居住区与政务核心区（江门市人民政府）、商场、学校,一般通达,位于一般公路,,
增城汽车城大道站,广州,"113.600576,23.135918",核心商圈,位于增城区核心商圈，位于新塘地铁站和新塘南站高铁站对面，周边为住宅区、商场,高优通达,毗邻广园快速路（城市快速路）,,
黄埔丰乐北路站-miix,广州,"113.453165,23.131368",一般区域,处于黄埔老港片区与科学城板块的过渡地带，附近为纸箱厂、市政建筑公司等工业区,高优通达,毗邻姬堂地铁站，位于丰乐北路（一般公路，黄埔区的南北主干道）,,
宝安新桥中心路站-miix,深圳,"113.827318,22.728817",次级商圈,位于沙井传统商业轴线的新沙路上，属于商业+高密住宅复合型商圈。周边 500 米内覆盖了深明丰大厦、西荟城、沙井中心客运站辐射圈，是沙井人流量最集中的区域之一,一般通达,毗邻沙井地铁站，位于新沙路（连接沙井、福海与沿江高速的重要干道）,,
惠城乌石中路站-pro,惠州,"114.427195,23.144669",一般区域,属于惠城区北部的物流与工业外溢带。属于交通枢纽+物流园区+汽车报废/维修产业商圈。周边分布着大量的物流园、石材市场及汽车维修厂，是惠州城北重要的生产力集散地,高优通达,位于金龙大道（国道 G205）沿线,,
惠城叶挺大道站-miix,惠州,"114.464921,22.977337",一般区域,位于三栋镇，属于惠南高新科技产业园的辐射核心。属于工业园+物流港+待开发居住区复合型商圈。周边分布着大型工业园以及多个电子、新材料生产基地,高优通达,位于泰豪路（一般公路），紧邻叶挺大道（城市主干道）,,
南海智新北路站,佛山,"112.992643,23.083326",一般区域,处于佛山国家高新区的核心腹地。属于汽车全产业链+大型物流集散地。狮山是著名的汽车工业镇（如一汽大众辐射圈），周边环绕着大量的汽车零部件工厂、五金加工厂及仓储基地。站点附近为医院、住宅区,一般通达,紧邻三环东路，靠近桂丹路及广三高速出入口（是佛山横贯东西、连接广州与肇庆的交通大动脉）,,
小榄榄城路站,中山,"113.281669,22.605719",次级商圈,典型的老牌工业与生活混合区。位于棒球中心，附近为日用制品厂、五金电器厂、东升站城轨站,一般通达,位于同德街（一般公路），毗邻小榄支线高速收费口（连接中山、佛山）,,
沙溪新濠南路站-miix,中山,"113.329379,22.485424",一般区域,属于大型工程基建+建材物流+仓储外围商圈。紧邻市政混凝土公司及周边的石材、五金加工厂,一般通达,位于新濠南路（路面宽阔，属于一般公路）,,
广深沿江高速麻涌服务区（深圳方向）站,东莞,"113.552567,23.049934",郊区/偏远,"该点位位于广深沿江高速（S3）东莞段，是连接广州、东莞与深圳宝安/前海的核心通道

沿江高速紧邻东莞虎门、长安等制造重镇",一般通达,广深沿江高速是封闭式道路,,
广深沿江高速麻涌服务区（广州方向）站,东莞,"113.552567,23.049934",郊区/偏远,"该点位位于广深沿江高速（S3）东莞段，服务于从深圳、长安、虎门向北往广州、东莞市区行驶的车辆

沿江高速紧邻东莞虎门、长安等制造重镇",一般通达,广深沿江高速为全封闭高标准路段,,
坡头龙王湾路站-pro专用,湛江,"110.437802,21.25071",核心商圈,"坡头区（新开区域，能快速落站，租金未经调研），与霞山区相隔一桥

附近为坡头区税务局、湛江军事文化博览园、奥体中心、住宅区",高优通达,位于乐山路（城市主干道，连接坡头区和霞山区）,,
白云神山商华路站,广州,"113.200878,23.322816",一般区域,"地处广州北部最重要的物流与工业集散区

属于国家级物流枢纽（江高/神山）+ 传统制造基地 + 货运中转站。周边紧邻神山工业园以及大量的大型物流拨付中心（如顺丰、京东等在北部的集散点辐射区）",一般通达,靠近广清高速神山出入口（连接广州市区与清远、花都）,,
南沙英东大道站-miix专用,广州,"113.597494,22.772376",次级商圈,位于是南沙湾片区，是南沙重点打造的高端滨海居住及休闲旅游区。属于高端文旅+商务科研商圈。周边是学校、住宅区、南沙客运港、国际邮轮母港（休闲商务区）,高优通达,位于城市主干道港前大道，毗邻莞佛高速收费口,,
开平新美大道站-miix,江门,"112.717536,22.38844",一般区域,位于开平市新区，周边为工业区和批发市场（开平市蔬菜批发市场、塑料制品公司、食品公司、建材公司、电子公司）,高优通达,位于新美大道（南北向主干道）,,
开平杜澄大道站-miix,江门,"112.66739,22.379387",次级商圈,位于成熟居住区+跨江商业辐射区，周边分布着大型密集成熟的住宅群，跨江后即为开平市中心医院和东汇城商圈,高优通达,位于城市主干道,,
蓬江建设路站-miix,江门,"113.064823,22.623755",一般区域,位于装饰广场，附近为住宅区、高新技术创业园、工业园,高优通达,位于建设三路（核心交通主干道），建设三路是江门著名的“汽车一条街”和家装建材集散地。周边分布着大量的汽车 4S 店、装饰材料城以及五金机电市场,,
禅城江湾二路站-pro,佛山,"113.090161,23.013667",郊区/偏远,附近为汽车客运站、陶瓷城商圈、佛山创意产业园的辐射带、住宅区,高优通达,站点毗邻季华四路（城市主干道，横向）,,
龙岗新生路站-Miix,深圳,"114.277105,22.728304",次级商圈,位于极高密度住宅+教育配套+交通枢纽。周边布满了大量的城中村住宅和成熟住宅区、学校、宠物市场、电子公司,高优通达,紧邻龙岗大道（城市主干道）,,
清溪清凤路站-Miix,东莞,"114.158033,22.824252",一般区域,属于住宅区+中型厂区的结合部。周边为住宅区、学校、工业园、山头、公园,一般通达,位于清凤路（清溪镇南北向最繁忙的货运与通勤干道）,,
大岭山百花洞站-专用,东莞,"113.803486,22.911237",一般区域,属于大型工业集散区，周边为电子产业聚集厂、家具产业聚集地、百花洞广场（区域核心社交/休闲地标）,高优通达,位于厚大路（城市主干道）,,
惠阳南湖北路一街站-Miix,惠州,"114.45119,22.774593",次级商圈,位于惠阳区淡水街道的老牌居住区，附近是住宅区、学校、印刷厂,高优通达,位于一般公路，毗邻白云一路（城市主干道）,,
龙湖泰山路站-miix,汕头,"116.736728,23.354586",次级商圈,位于儿童公园，周边为密集住宅区（高端居住中心区）,高优通达,位于汕头市两条核心主干道——中山东路（东西轴线）与泰山南路（南北轴线）的十字路口西北角。毗邻沈海高速收费口,,
台山凤凰大道站,江门,"112.81,22.24",核心商圈,属于台山市新城核心居住区 （顶级住宅区如万达、敏捷）+ 品牌商业辐射圈 + 综合配套中心，是台山近年重点打造的“城市南门户”。周边住宅区、万达广场、中医院、公园,高优通达,位于一般公路但视野开阔，凤凰大道（东西向）、南安路（南北向）,,
端州棠岗路站-pro,肇庆,"112.492697,23.069074",核心商圈,站点处于城东传统行政中心与中高端居住区的交界处，附近为小区、城中村,高优通达,毗邻棠岗路，是端州区规划最规整的道路之一，路面宽阔平整。直接连通了端州最繁华的两条大道（星湖大道、信安大道）,,
四会工业大街站-pro,肇庆,"112.82,23.30",核心商圈,位于大旺最成熟的商务与行政配套中心。对面是大旺广场、多个大型工业园区、住宅区,一般通达,位于工业大街（两车道）,,
从化城鳌大道站,广州,"113.46101,23.590166",一般区域,鳌头镇是从化西部的工业重镇，站点附近均为工业区、产业园（五金、机械、金属、食品等）、学校、低矮自建房和临街铺位,高优通达,位于城鳌大道（省道S355，从化横贯东西的主干道，车流量极大且大中型货车比例较高）,,
坪山龙田北路站-专用,深圳,"114.352504,22.75806",一般区域,该点位深处龙田工业腹地，周边环绕着集强工业园、龙田科技园以及众多中小型精密加工厂（精密五金、电子组装和模具厂）。是坪山传统制造业的密集区，劳动力密度极高,高优通达,位于龙田北路（城市主干道），毗邻深圳外环高速收费口,,
龙岗凤凰大道站-Pro,深圳,"114.142852,22.69611",核心商圈,位于凤凰商业广场，是平湖凤凰片区的核心商业综合体，周边分布着密集的住宅区、学校、,高优通达,位于凤凰大道（一般道路，双向六车道的主干路）,,
惠城惠兴路站-Pro,惠州,"114.416741,23.054202",一般区域,位于老牌成熟居住区，附近为学校、商场,高优通达,位于一般公路，毗邻演达大道（城市主干道）,,
番禺禺山西路站,广州,"113.282851,22.954911",一般区域,站点位于番禺与佛山顺德区交界处，北接大夫山森林公园和石材城，周边2km范围内分布超大型住宅区(主要是顺德区）、五金、汽车维修等专业散户,一般通达,禺山西路（一般公路，道路宽阔）,,
端州西江北路站-pro,肇庆,"112.450006,23.063312",次级商圈,位于端州区西江北岸片区，临近西江，周边为中老旧住宅区和少量商业，距端州区老城核心区（星湖大道、信安大道商圈）约1.5km，属非核心边缘区域,高优通达,站点位于西江北路，东西走向临江干道，东向约2km可接端州一路、信安大道等核心干道；西向连通宋城路通往郊区；南侧为西江，路网向心性较弱,,
端州区端州一路站,肇庆,"112.517847,23.095342",次级商圈,属于端州区核心商圈的辐射区（距离敏捷广场2.6km），端州一路是肇庆市中心主干道，周边有建材城、创新创业孵化园、汽车服务店、装饰城、医院、学校及密集住宅区,高优通达,站点位于端州一路（城市主干道），南北走向，贯通端州区南北；与信安大道、星湖大道等核心干道相交，连接端州区各主要商业节点,,
石岐民盈西路站,中山,"113.383015,22.555382",郊区/偏远,位于中山市交通枢纽，对面是中山北站高铁站、周边是密集住宅小区和学校、山姆超市，人流量较高,高优通达,站点位于民盈西路（一般公路），毗邻北环路（城市主干道）,,
珠三角环线高速荔城服务区（内环）站,广州,"113.784104,23.237357",郊区/偏远,位于珠三角环线高速荔城服务区，属增城区高速公路服务区站点，非城市商圈，服务对象为过往高速车辆，周边为农村，无城市商业配套,一般通达,位于珠三角环线高速公路（G4215）荔城段服务区（内环方向），东侧约5km为增城区荔城街道市区，南向约30km可达广州东部；属高速专属交通配套,,
珠三角环线高速荔城服务区（外环）站,广州,"113.784104,23.237357",郊区/偏远,位于珠三角环线高速荔城服务区，属增城区高速公路服务区站点，非城市商圈，服务对象为过往高速车辆，周边为农村，无城市商业配套,一般通达,位于珠三角环线高速公路（G4215）荔城段服务区（外环方向），与内环服务区同位置，东侧约5km为增城区荔城街道市区，属高速专属交通配套,,
大朗杨新路站-专用,东莞,"113.962849,22.91561",一般区域,位于大朗镇杨涌村工业片区，周边以毛织服装厂和大片工业园为主，有部分员工宿舍和城中村，属工业型社区商圈；距大朗镇中心商圈约3km，非核心消费区,高优通达,站点位于杨新路（一般公路），连接大朗镇各工业村；北向约3-4km可达银朗南路（城市主干道）和大朗镇高铁站；西向可接莞深高速，连通东莞市区,,
金平中山路站-Pro,汕头,"116.68923,23.360608",核心商圈,位于汕头市金平区中心片区，周边有学校、住宅区、中山公园和传统商业街，属汕头市老城区，人流密集，商业配套较完善,高优通达,站点毗邻大华路（一般公路）与中山路（一般公路）交叉口，路网密集，两条主干道均连通汕头市区各方向；东向约3km可达汕头港；西向连接金平区主要商业区,,
东城大塘头站-Miix,东莞,"113.787144,23.050191",次级商圈,"替代东城银竹路站

位于东城街道主山社区大塘头片区，处于东城区中部居住区，周边以住宅小区、学校和社区商业为主，临近东宝路，商业氛围一般，属东莞东城区次级居住商圈",高优通达,站点位于主山大塘头东街（生活性道路），北侧约0.5km为东宝路（城市主干道，东西走向，连通东城区各片区）；南向约2km可达东莞市区核心，整体交通可达性较好,,
寮步上屯聚园一路站-Pro,东莞,"113.83,23.01",一般区域,位于寮步镇上屯片区，处于寮步镇与东城街道交界地带，周边以工业区、产业园和城中村为主，商业配套有限；距寮步镇中心约3km，属工业型居住混合商圈,高优通达,站点位于聚园一路（园区内部道路），毗邻环城东路（城市主干道）和莞樟路（城市主干道），北上可达东城街道；南向连通寮步镇中心,,
惠阳站前西路站-Pro,惠州,"114.456107,22.789431",核心商圈,毗邻惠阳站高铁站附近，站前西路属惠阳区交通枢纽型商圈，周边主要为住宅区，人流量较高,一般通达,站点位于站前西路（一般公路），毗邻惠阳站高铁站,,
东城水濂景观路站-专用,东莞,"113.757395,22.937227",一般区域,毗邻水濂山森林公园和同沙水库，周边周边是密集的制造业公司,高优通达,站点位于莞长路（城市主干道，东莞市区向东延伸的主要通道）,,
龙岗同心路站-Miix,深圳,"114.32,22.73",一般区域,位于龙岗区同乐街道同心路片区，处于龙岗区与坪山区交界地带，周边为科技园、工业园、农贸市场、家具城,一般通达,站点位于同心路（一般公路）,,
新会冈州大道东站,江门,"113.034454,22.458519",次级商圈,"替代蓬江沙富里站

位于新会区潮盛路沿线居住商业混合片区，周边有住宅小区（御锦世家等）、商业配套及学校，距新会区核心商圈（冈州广场/会城商圈）约1.5km，属新会区城北居住型商圈，人流量中等偏上",高优通达,站点位于潮盛路（城市次干道）和冈州大道（新会区东西向主干道）；南向可达新会老城区,,
三角高平大道站,中山,"113.466022,22.690836",一般区域,"替代三角高平大道站-miix专用

位于中山三角镇高平工业区核心地带，站点处于工业园区内部，周边主要为纺织制衣、电子等制造业厂房及员工宿舍，有少量商业配套，属典型工业园区商圈，工作日工人通勤人流较为稳定",高优通达,位于高平大道（工业园区主路），毗邻南三公路（省道S111）,,
番禺展贸东路站,广州,"113.462833,23.040583",一般区域,位于番禺区化龙镇广州国际商品展贸城内，该展贸城为华南地区大型综合性批发展销市场，以建材、家居、工艺品等批发为主，商业流量以B2B商贸客群为主，零售消费氛围一般；周边有少量工业园和住宅，属专业市场型商圈,高优通达,站点位于展贸东路（展贸城内部道路），毗邻南大干线（快速干道）和工业路（城市主干道）,,
南山月亮湾大道站-Pro,深圳,"113.898428,22.506713",一般区域,"替代南山怡海大道站

位于南山区月亮湾大道沿线前海合作区边缘片区，周边为前海自贸区产业园、商务楼宇及部分配套住宅，有蛇口工业区转型产业园，商务氛围浓厚；距蛇口海上世界商圈约3km。属产业+商务混合型商圈，商务流量较高",高优通达,站点位于月亮湾大道（南山区西部南北向主干道，直连前海和蛇口片区）；整体路网为高等级城市干道,,
惠阳白云六路站-专用站,惠州,"114.49,22.81",一般区域,位于惠阳区淡水街道白云六路沿线居住片区边缘，是淡水旧城区核心居住区域边缘，周边以建材店为主,高优通达,站点位于白云六路（城市主干道）,,
惠阳仲恺环侨路站-专用站,惠州,"114.31,23.03",一般区域,位于惠城区仲恺高新区环侨路片区，仲恺高新区是惠州重要的电子信息产业基地，站点处于产业园区与居住混合区，周边以工业区、住宅小区、惠阳市中心人民医院及少量商业配套为主，以园区员工和居民为主要消费人群,高优通达,站点位于环侨路（仲恺高新区内部园区主干道）,,
惠城演达大道站-Miix,惠州,"114.430557,23.028574",一般区域,站点属于惠城区河南岸老牌成熟居住片区边缘，周边主要是住宅区、烧腊加工厂、新能源科技公司、光伏科技公司，属于居住商务混合片区,高优通达,站点位于四环南路（惠城区城市快速路/环线路，连通惠城区南部各片区）,,
番禺番禺大道北二站,广州,"113.352333,22.986383",次级商圈,站点处于南村镇北端居住商业混合区，周边以住宅小区、学校为主；北侧约2km为万博商圈（万博中心/万达广场等大型商业综合体，番禺区核心商圈），属番禺区北部居住型商圈，毗邻万博商圈辐射区，日常居民消费流量稳定,高优通达,站点位于番禺大道北（番禺区南北向城市主干道）,,
从化广从南路站,广州,"113.486806,23.436737",一般区域,站点从化区太平镇，处于从化区南端与花都区、白云区、黄埔区三区交界处，属典型的交通枢纽型过境节点；周边以住宅区、大量化妆品公司、科技公司、食品公司、工业园为主,一般通达,站点位于广从南路（省道S115，广州至从化的主要过境通道）。西侧约2.6km可接广从北路/广清高速从化出口；整体路网以省道过境通道为主，配套支路较少,,
新会五邑路站,江门,"113.08,22.59",一般区域,位于新会区、蓬江区、江海区三区交界处，分别距离新会区核心区约4km、江海区核心区约5km。属于工业商业混合片区，站点周边以五金厂、住宅区、水果批发市场为主，商业配套一般,高优通达,站点位于五邑路（新会区城市次干道，东西走向连通新会与蓬江方向），紧邻江门大道中（快速路），整体路网以新会北部生活工业道路为主，通过新会大道对外联系,,
珠海日月贝站-Pro,珠海,"113.589934,22.277654",次级商圈,位于珠海市香洲区野狸岛公园内（一个海上公园），野狸岛是珠海著名的城市生态旅游岛屿，岛上设有珠海大剧院（日月贝）、海滨公园及休闲配套，是珠海市标志性文化地标；周边以旅游观光人流为主，南侧约1.6km为珠海渔女及情侣南路（珠海滨海旅游核心带），属珠海市顶级旅游文化型商圈，节假日人流量极高,一般通达,站点位于野狸岛内部园区道路，整体路网以旅游景观道路为主，对外唯一通道为北狸路,,
横栏庆丰路站,中山,"113.22434,22.587917",一般区域,"站点周边以住宅小区工业园混合为主，主要是电商产业园、包装制品公司、玻璃工艺厂、
距离横栏镇中心商业区约3km",高优通达,站点位于庆丰路（一般公路），毗邻沙古公路（城市主干道）,,
顺德伟业大道站,佛山,"113.205834,23.001111",一般区域,位于顺德区与南海区交界处，附近为大片工业区（制造类、仓储物流），兼有少量居住区,高优通达,站点位于成业七路（工业园区道路），紧邻三龙湾大道（城市主干道），整体以园区内部路网为主，依托顺德大道和广珠西线对外联系,,
古镇古神公路站,中山,"113.188276,22.670853",一般区域,位于古镇镇东岸。是古镇镇东部的工业商业混合区，周边以灯饰配套公司、商场、电子城为主,一般通达,站点位于东岸北路（古镇镇工业区次干道），紧邻古神公路（省道S272，连通古镇镇与中山市区及珠海方向，是古镇镇最重要的对外通道）,,
宝安松安路站-专用,深圳,"113.82,22.78",郊区/偏远,"替代宝安松佛大道

位于宝安区松岗街道，属工业制造业集聚区，周边为密集电子/制造业工业园区，有部分城中村和工人住宅，非核心消费商圈；毗邻东莞长安镇交界，工业外溢明显",高优通达,站点位于松安路，毗邻松福大道（宝安西部南北向交通大动脉，连接松岗、沙井至机场）；东向约5km可达广深高速，整体路网以工业通道为主,,
龙华清吉路站-Miix,深圳,"114.047944,22.670912",一般区域,站点附近为产业园、科技园、工业园，距离附近商业配套商场和住宅区约1.5km，距离龙华区核心区约3km,高优通达,站点位于清吉路（一般公路），毗邻雪岗北路（城市主干道）,,
龙岗环坪路站-专用,深圳,"114.288951,22.778113",一般区域,靠近龙岗区与惠州交界处。位于坪地街道西部典型制造业工业园区，周边以电子、五金等中小型制造业工厂为主，有少量工人宿舍配套，商业配套极为有限,高优通达,站点位于高桥第一工业区内部园区路，紧邻盐龙大道（城市主干道）,,
南山百旺站-Miix,深圳,"113.933604,22.631376",一般区域,处于南山区与宝安区交界地带，周边是工业园片区，,高优通达,站点位于松白路（南北向城市次干道）和沙河西路（城市主干道），毗邻百旺地铁站,,
桥头桥东路站-专用,东莞,"114.120494,23.026251",一般区域,处于桥头镇东部片区，周边是大片工业园区、电子科技公司等和城中村为主，商业配套有限,高优通达,站点位于桥东路（桥头镇城市主干道）,,
榕城仁义路站-Pro,揭阳,"116.363479,23.564553",次级商圈,周边以住宅小区、学校及社区商业为主，紧邻揭阳南站高铁站（直线距离1km）,高优通达,位于环市北路（城市主干道，东西走向）,,
宝安航城大道,深圳,"113.859006,22.609272",一般区域,成熟综合生活区,高优通达,紧邻城市大道/主干道,,
宝安流塘公园,深圳,"113.892806,22.582741",一般区域,成熟综合生活区,一般通达,周边道路配套成熟,,
宝安运华时代,深圳,"113.823573,22.735614",一般区域,成熟综合生活区,一般通达,位于沙井街道壆...,,
宝安松岗汽车站,深圳,"113.851062,22.769097",一般区域,成熟综合生活区,一般通达,位于松岗街道平...,,
龙岗大运中心,深圳,"114.218608,22.697661",次级商圈,"项目终止
站点位于体育馆，附近为公园、学校",高优通达,站点位于爱南路（纵向，城市主干道），旁边是大运中心地铁站,,
广州白云机场,广州,"113.207323,23.401269",一般区域,成熟综合生活区,高优通达,紧邻城市大道/主干道,,
怡乐花园,佛山,"113.03877,23.064217",一般区域,"项目终止
附近为批发市场和密集住宅区",高优通达,位于公路（佛山大道北）和广佛高速,,
岭南明珠体育馆,佛山,"113.127846,23.016429",一般区域,成熟综合生活区,一般通达,周边道路配套成熟,,
顺德天宁路站,佛山,"113.212844,22.936929",一般区域,附近为商业广场、住宅区,一般通达,站点毗邻广珠公路，东向连接广州番禺区，南向连接顺德区,,
厚街家具大道,东莞,"113.651766,22.901563",一般区域,"项目终止
附近为家具材料市场、医院、展览中心",高优通达,站点位于康乐南路（一般公路），驾车行驶约1km为莞太路（纵向，城市主干道）,,
横沥中山中路,东莞,"113.979524,23.007904",一般区域,成熟综合生活区,一般通达,位于广东省东莞...,,
香洲金鸡路站,珠海,"113.510557,22.242057",一般区域,"项目终止

位于工业区、产业园，附近为学校",高优通达,位于金鸡路（一般公路），毗邻新珠路（城市主干道，车距1km）,,
金湾金海岸大道站,珠海,"113.348947,22.051273",一般区域,成熟综合生活区,一般通达,周边道路配套成熟,,
龙岗南联路,深圳,"114.263984,22.724458",核心商圈,"项目终止
附近为商业广场、密集住宅区、学校、公园",高优通达,毗邻龙岗大道，东向驾车4km可到龙岗立交，连接龙岗大道、深汕路、沈海高速,,
番禺会江站,广州,"113.286883,23.013153",一般区域,产业/工业集散地,一般通达,位于大石街道石...,,
白云东平站,广州,"113.33,23.26",一般区域,"项目终止

附近为医院、创意园区、工业园区、白云山",高优通达,位于白云大道北（纵向，城市主干道），靠近白云东平地铁站,,
增城汇太中路站（亚太新城）,广州,"113.606869,23.12795",核心商圈,位于增城区核心商圈，距离新塘地铁站和新塘南站高铁站约0.5km，周边为商业广场、住宅区和学校,高优通达,距离荔新大道约0.7km，北上可达增城区中心，南下连接广深大道可达广州市区,,
花都建设北路（广汽4s店）,广州,"113.212862,23.422156",一般区域,附近为住宅区,高优通达,位于建设北路，西向驾车经过花都大道行驶约4km链接许广高速（连接清远和广州）,,
番禺广州南站东停车场站,广州,"113.274168,22.99551",核心商圈,紧靠广州南站（0.5km），附近多为酒店和公司,一般通达,距离广州南站立交桥约1.6km，互通广州任意方向,,
顺德立交站（佛山轻卡）,佛山,"113.22694,22.860025",一般区域,成熟综合生活区,一般通达,周边道路配套成熟,,
寮步良平路站,东莞,"113.834185,23.009267",一般区域,成熟综合生活区,高优通达,紧邻城市大道/主干道,,
龙岗国际大道站（平湖华南城）,深圳,"114.122504,22.671747",核心商圈,附近为购物中心、住宅区、电子市场等,高优通达,站点位于平吉大道，连接沈海高速和清平高速,,
龙岗龙东站(中海新都荟营销中心),深圳,"114.297301,22.721516",核心商圈,核心商业/办公区,一般通达,位于龙岗街道深...,,
龙岗龙岗大道站（2013时尚广场）,深圳,"114.195918,22.642464",一般区域,成熟综合生活区,一般通达,位于湛宝路1号...,,
"宝安安全路站
松宝大家具(福永店）",深圳,"113.848932,22.75021",一般区域,成熟综合生活区,一般通达,周边道路配套成熟,,
深圳光明科能路站,深圳,"113.929533,22.745819",一般区域,站点位于写字楼大厦、附近为商业广场和住宅区,高优通达,站点毗邻光明大道（横向连接光明区）,,
海珠赤岗塔站,广州,"113.3218,23.09951",次级商圈,"项目终止
附近为住宅区、艺术博物馆、科学馆、广州塔广场、领事馆",高优通达,位于艺洲路（一般公路），驾车行驶约1km为广州大桥/广州大道南（纵向，城市主干道）,,
禅城澜石站（世纪德远车mall方）,佛山,"113.097648,23.001933",一般区域,成熟综合生活区,高优通达,紧邻城市大道/主干道,,
香洲湾仔口岸站,珠海,"113.535495,22.194017",次级商圈,站点位于口岸，附近为湾仔北高铁站,一般通达,站点位于南湾南路辅路（一般公路）,,
宝安新桥体育中心,深圳,"113.830337,22.745792",核心商圈,核心商业/办公区,一般通达,位于新桥街道中...,,
"宝安创业二路站
（松岗江边停车场）",深圳,"113.814314,22.773418",一般区域,成熟综合生活区,一般通达,位于松岗创业二...,,
高明客运站站,佛山,"112.895716,22.880858",一般区域,成熟综合生活区,高优通达,紧邻城市大道/主干道,,
百德广场,佛山,"113.172362,23.093974",次级商圈,"项目终止
站点位于商业广场旁，附近是学校、住宅区",一般通达,站点毗邻佛山一环路，驾车行驶1km连接广佛江珠高速,,
白云大源中路站,广州,"113.352952,23.252084",一般区域,成熟综合生活区,一般通达,位于大源新村街...,,
石碣崇焕东路站(东协广场),东莞,"113.816945,23.1038",一般区域,附近为广场、住宅区,一般通达,站点位于崇焕公路（连接高埗镇和东莞市区）,,
南山龙珠大道站（南山闪电充新能源龙珠站）,深圳,"113.968281,22.565717",一般区域,附近是汽车销售市场、公园,高优通达,毗邻龙珠大道（横向）,,
宝安衡山路站（聚众停车场，二选一）,深圳,"113.802734,22.714489",一般区域,成熟综合生活区,一般通达,位于衡山路聚众...,,
横沥新城路站（快捷驾校）,东莞,"113.974546,23.021116",一般区域,附近为住宅区、工业区,一般通达,位于横沥新城路（一般公路）,,
黄埔瑞和路站（百富广场）,广州,"113.50543,23.169413",次级商圈,附近为住宅区、科技园、公园、商场,高优通达,站点位于开创大道（横向，城市主干道），附近为香雪地铁站,,
花都莲塘站（星旺广场）,广州,"113.244501,23.385877",次级商圈,位于商业广场，附近为学校、住宅区,高优通达,站点不位于公路上，驾车行驶约0.6km可达商业大道路（横向连接花都区）,,
佛山西站站-佛山西站P3(直对西站)(较稳定6-27),佛山,"113.035999,23.077182",次级商圈,位于佛山西站高铁站，附近为产业园,高优通达,站点毗邻桂丹路（城市主干道，横向连接南海区）,,
顺德龙江龙州公路站（九江艺龙电器),佛山,"113.063841,22.869742",一般区域,附近为商业广场、家具厂,一般通达,站点毗邻龙洲公路,,
天河燕岭路北站(【公交专项】公交新能源 燕岭项目),广州,"113.33187,23.165033",一般区域,站点位于燕岭产业园区内，周边是学校、医院，周边以工业仓储及城中村为主,一般通达,站点位于燕岭路（南北向城市次干道）,,
番禺厦滘,广州,"113.318405,23.038763",一般区域,成熟综合生活区,一般通达,位于厦滘南路6...,,
南山深南大道,深圳,"113.95,22.55",一般区域,成熟综合生活区,一般通达,位于科兴路与科...,,
顺德佛陈路站（特来电北部汽车城）,佛山,"113.25183,22.946634",一般区域,"项目终止

附近为大片汽车销售公司",高优通达,位于佛陈路（城市主干道），广佛交界的交通节点：近 7 号线南涌 / 锦龙站、佛陈路主干道、陈村大桥，方便往来禅城与广州,,
鄱阳城充电站-禅城绿景东路站,佛山,"113.147868,22.996549",次级商圈,位于新兴住宅商业综合体鄱阳星引力，周边以住宅小区、社区商业及学校为主，属石湾镇南部居住型商圈,高优通达,站点位于绿景东路（城市次干道），紧邻南海大道（城市主干道）,,
龙华华繁路站（南江工业区）,深圳,"113.846731,22.806527",一般区域,成熟综合生活区,一般通达,位于布龙路与华...,,
寮步枫兴路站,东莞,"113.872329,22.986013",一般区域,站点位于寮步镇与松山湖交界处，附近为住宅区、学校,一般通达,站点位于公路，驾车南向行驶约4km可达松山湖,,
坪山坪山中心公园站（壳牌充电坪山中心公园东）,深圳,"114.347956,22.701872",核心商圈,站点属于坪山区核心片区，位于坪山公园，附近为公园、政府、住宅区、工业区,高优通达,站点位于坪山大道,,
塘厦鹿乙路站（东莞市时瑞电子有限公司）,东莞,"114.052427,22.787923",一般区域,"暂缓
站点位于工业园区内",高优通达,站点位于塘厦科苑（横向，一般公路），驾车行驶约1.3km可达蛟坪大道（纵向，城市主干道）,,
三水映丰路站-三水明溢星星充电站,佛山,"112.910316,23.18146",一般区域,附近为住宅区,高优通达,毗邻南丰大道（纵向连接三水区）,,
南海清风路站-佛山市生利土石方工程有限公司,佛山,"113.171099,23.051325",一般区域,产业/工业集散地,一般通达,周边道路配套成熟,,
南海工业大道站-潘村工业园区,佛山,"113.123657,23.101504",一般区域,站点位于批发仓库、住宅区,高优通达,站点位于金贸大道（一般公路）,,
石排龙腾路站,东莞,"113.937394,23.079368",一般区域,附近为学校、商业大厦,一般通达,站点毗邻龙腾路，南向驾车行驶约2km可达茶山镇,,
"宝安自由路站
（宝晖酒店）",深圳,"113.90,22.57",一般区域,附近为住宅区,高优通达,位于广深公路（纵向，城市主干道）、创业一路（横向，城市主干道）,,
南海中央大街站-京华广场,佛山,"113.143246,23.028875",一般区域,成熟综合生活区,一般通达,位于融和路15...,,
金湾珠海大道站-世圆智能物流园,珠海,"113.337419,22.120104",一般区域,非核心商圈，附近为多个学校、住宅片区和商业广场,高优通达,站点位于斗门区、金湾区、香洲区交界位置。站点位于珠海大道，东向3km可达金湾立交，连接北向斗门区和东向金湾区，南向驾车约23km可达珠海金湾机场,,
常平常平公园路站,东莞,"114.014606,22.972041",核心商圈,核心区域，站点位于常平铁路公园,一般通达,站点位于公园路，东向可直达距离约4km的东莞东站高铁站；北向约4km可直达广龙高速，横向连接东莞各镇区,,
广州南站韦涌站,广州,"113.288686,23.01387",核心商圈,距离广州南站约1.2km，附近多为酒店和公司。周边配置较成熟。,一般通达,距离广州南站立交桥约2.8km，互通广州任意方向,,
"虎门连升中路站
（不夜天停车场）",东莞,"113.686119,22.809135",一般区域,附近学校、虎门公园、购物号中心、住宅区、酒店,高优通达,东向可达滨海大道（南下可达滨海湾新区）和京港澳高速,,
南海联和站-佛山南海汇车港车城,佛山,"113.061375,23.060458",一般区域,附近为批发市场和密集住宅区,高优通达,位于公路（桂丹路）。东向驾车行驶约3km可达佛山大道和广佛高速,,
"厚街岳范山大道站
（宾府国宴）",东莞,"113.674098,22.936573",核心商圈,处于厚街镇中心，附近是镇政府、酒店、商场,高优通达,站点位于厚街大道上，驾车行驶约1km可达京港澳高速,,
寮步凫西路站,东莞,"113.894784,22.979089",一般区域,站点位于寮步、大朗、松山湖交界处，附近为公寓和科技园,一般通达,站点南向驾车行驶约3km可达松山湖,,
禅城聚锦路站,佛山,"113.07513,23.034309",一般区域,附近为密集住宅区,高优通达,站点位于张槎二路，与禅西大道交汇（禅城区交通要道）,,
东升葵兴大道站,中山,"113.288893,22.623434",一般区域,附近为住宅区和学校,高优通达,站点位于葵兴大道（纵向连接中山市）,,
"坪山金碧路站（Miix）
（二选一）",深圳,"114.32424,22.683871",一般区域,位于坪山区与龙岗区交界处，附近为住宅片区和学校,高优通达,北向驾车1km为龙岗区，南向驾车1km可达坪山大道（连接龙岗区、坪山区和惠州）,,
南海佛山一环路站,佛山,"113.166258,23.087513",一般区域,"位于对标站点斜对面
附近为厨具城、汽车体验中心",一般通达,位于佛山一环路，驾车行驶500m可通过广佛新干线站连接广佛江珠高速,,
花都站前路站,广州,"113.202015,23.387403",核心商圈,附近为广州北高铁站（直线距离1km）、学校、住宅区,一般通达,位于建设北路（纵向连接花都和广州市区）,,
长安兴一路站,东莞,"113.78504,22.783227",一般区域,位于长安与深圳宝安区交界处，附近为科技园（例如OPPO）、住宅区,一般通达,站点不位于公路上，驾车行驶至公路长安建安路月800m,,
顺德龙江龙华路站,佛山,"113.07374,22.86874",一般区域,站点位于住宅区，附近是住宅区和学校,一般通达,站点位于乐龙路，毗邻龙洲公路,,
龙华五和大道站（二选一）,深圳,"114.075228,22.682683",一般区域,站点位于工业园区，附近为学校、住宅区,高优通达,毗邻五和大道（纵向连接龙华区）（驾车行驶100m）,,
"龙华观盛四路站
（高尖科技园）",深圳,"114.069527,22.684387",一般区域,位于科技园，附近为产业园区、住宅区和学校,一般通达,不位于公路上，距离公路驾车行驶约0.6-1km,,
白云朝阳朝丰路站-MIIX,广州,"113.22,23.23",一般区域,站点靠近佛山南海区，附近是小学、医院、公园,一般通达,站点位于朝阳朝丰路，毗邻朝阳立交（连接广佛肇高速、许广高速）,,
沙溪利港路站-中山大港商务大厦对面地块,中山,"113.341229,22.525211",一般区域,附近为住宅区、大厦、汽车总站,一般通达,站点位于富华立交桥、105国道（纵向连接中山）,,
龙岗杨田路站（深巴）,深圳,"114.267213,22.737858",一般区域,附近为学校、建材公司、科技园,高优通达,站点毗邻内环北路，驾车行驶约1km可抵龙岗大道,,
长安新安横中路站,东莞,"113.790467,22.8134",一般区域,站点附近为公安铁骑大队，科技园、横岗山,一般通达,站点位于横增路（连接虎门镇和长安镇）,,
南海大沥客运站站-2,佛山,"113.10361,23.121785",一般区域,站点位于客运站内，附近是宠物用品批发市场、物流园,高优通达,毗邻松岗大道南（城市主干道，纵向）,,
坪山龙坪路站,深圳,"114.35247,22.699697",一般区域,站点位于工业园区，附近均为工业园,高优通达,站点毗邻坪山大道（城市主干道）,,
宝安石岩北环路站,深圳,"113.941294,22.687165",次级商圈,"该站点位于与光明区和龙华区附近，同一行政区无对标站点可参考
附近为住宅区、学校",一般通达,站点位于石岩北环路（一般公路，横向），旁边为上屋地铁站,,
南山怡海大道站,深圳,"113.88082,22.50128",一般区域,附近为物流中心、海关查验中心,高优通达,站点位于怡海大道（一般公路）,,
寮步环城东路站,东莞,"113.807038,23.030661",一般区域,站点附近为住宅区,高优通达,站点位于环城东路（城市主干道，纵向）,,
东区永安一路站,中山,"113.369364,22.497996",一般区域,附近为运动产业园、住宅区,高优通达,站点位于永安一路（纵向，城市主干道）和广珠公路（横向，一般公路）,,
小榄同乐大街一路站,中山,"113.278674,22.637959",一般区域,附近为住宅区、厂区、物流园,高优通达,站点位于同乐大街一路（一般公路），驾车约600m为裕民大道（纵向，城市主干道）,,
厚街南五桥新街站-二选一,东莞,"113.672254,22.901507",一般区域,附近为棉厂、工业村,高优通达,站点位于环莞快速路（纵向，城市主干道）,,
海珠琶洲站-广州国际采购中心,广州,"113.370972,23.099715",次级商圈,附近为住宅区、酒店、写字楼大厦,一般通达,站点位于新港东路和科韵南路（与琶洲大桥相邻），与琶洲地铁站相邻,,
沙田港口大道站-二选一,东莞,"113.616151,22.910677",次级商圈,附近为住宅区、公园、口岸办楼，距离东莞港高铁站驾车行驶约500m,高优通达,站点位于港口大道（横向，一般公路）,,
宝安创业一路站,深圳,"113.91,22.56",一般区域,附近为学校、住宅区,高优通达,位于广深公路（纵向，城市主干道）、创业一路（横向，城市主干道）,,
南海海北大道站,佛山,"113.183991,23.109814",一般区域,附近为密集住宅区、公寓、学校。与广州荔湾区交界（直线距离2.33km）,一般通达,位于一般公路,,
龙岗龙飞大道站,深圳,"114.22,22.72",一般区域,位于与东莞凤岗镇交界处，附近为学校、创业园,高优通达,站点位于白灰围一路（一般公路），毗邻龙平立交桥、盐龙大道辅路，武深高速收费口,,
白云嘉禾望岗站,广州,"113.284834,23.236989",一般区域,附近为商务大厦、工业区、学校、医院,高优通达,站点位于望岗大马路（横向，一般公路），直线距离450m处为嘉禾望岗地铁站；毗邻鹤龙二路（纵向贯穿白云区，城市主干道）,,
清溪鹿城东路站,东莞,"114.165694,22.821909",一般区域,附近为住宅区、学校、空地,高优通达,站点位于鹿城东路（一般公路），毗邻清溪清风路（城市主干道）和埔星西路（城市主干道）,,
凤岗凤深大道站,东莞,"114.159753,22.724812",一般区域,站点位于工业区内,高优通达,站点位于碧湖大道延长线（一般公路）,,
东城莞龙路站,东莞,"113.813405,23.080478",一般区域,附近为大厦、公园、包装制品公司、工业区,高优通达,位于莞龙路（城市主干道）,,
白云白云大道北二站,广州,"113.285012,23.254036",一般区域,站点位于住宅区门口，附近为学校、白云山,高优通达,位于白云大道北（纵向，城市主干道）,,
顺德佛山公园站,佛山,"113.120369,22.96257",次级商圈,位于佛山公园，附近为住宅区、金融中心、学校、文化宫、图书馆,一般通达,位于富华路（一般公路），毗邻世纪莲地铁站（直线距离0.79km)，毗邻顺德北站高铁站（直线距离1km),,
小榄裕民大道站-二选一,中山,"113.286557,22.640618",一般区域,位于裕民体育公园，附近为市场、学校、住宅区、五金制品厂,高优通达,位于裕民大道（城市主干道）,,
沙溪新濠南路站,中山,"113.329379,22.485424",一般区域,附近为家具行,一般通达,位于新濠南路（一般公路）,,
清溪大利利中路站,东莞,"114.179861,22.824537",一般区域,附近为产业园、工业园、商场、住宅区,高优通达,毗邻鹿湖东路（城市主干道）,,
东城龙石路站,东莞,"113.799103,23.071692",一般区域,位于工业园，附近警校、材料市场,高优通达,位于莞龙路（城市主干道）,,
企石东升路站,东莞,"114.020749,23.074486",核心商圈,附近为学校、企石镇人民政府,一般通达,位于企石东升路（一般公路）,,
中堂振兴路站,东莞,"113.65573,23.0986",一般区域,附近为中堂车站、酒店、商场、公寓,高优通达,位于振兴路（一般公路）、北王路（城市主干道）、莞穗路（城市主干道）,,
厚街白濠联兴街站,东莞,"113.653393,22.870319",一般区域,"位于厚街镇与虎门镇交界处

附近为虎门高铁站（直线距离约2.09km，附近为公寓、工业园、空地",一般通达,位于福兴街（一般公路）,,
龙岗腾飞路站,深圳,"114.215694,22.722308",次级商圈,"与龙岗龙飞大道站二选一

位于创业园，附近为学校、商场、商务中心、数码城",高优通达,位于腾飞路（一般公路），毗邻盐龙大道（城市主干道）和龙平西路（城市主干道）,,
龙华观盛二路站,深圳,"114.055647,22.710736",一般区域,位于工业区，附近为中心公园、科技园,一般通达,位于观盛二路（一般公路），毗邻珠三角环线高速收费站）,,
宝安宝石西路站,深圳,"113.928211,22.682785",一般区域,位于科技园，附近为工业区、住宅区、湿地公园,高优通达,位于宝石西路（城市主干道）,,
龙岗五和大道站,深圳,"114.061674,22.619812",次级商圈,位于商场，附近为商场、住宅区、产业园、学校,高优通达,位于五和大道（一般道路），毗邻光雅园地铁站,,
厚街莞太路站,东莞,"113.663548,22.913495",次级商圈,附近为密集商场、住宅区、学校,高优通达,位于莞太路（连接东莞市区的城市主干道），附近为寮厦地铁站,,
惠城皇冠路站,惠州,"114.464212,23.098176",次级商圈,"属于惠城区水口街道

附近为酒店、文化体育中心、密集住宅区",高优通达,位于三环东路（城市主干道）、惠泽大道（城市主干道）,,
惠城东升路站,惠州,"114.4531,23.077846",一般区域,"属于惠城区水口街道

附近为住宅区、学校、医院、公园",高优通达,位于东升路（一般公路），毗邻惠州大道（直线距离0.47km）,,
增城新塘牛仔城三路,广州,"113.619773,23.119445",一般区域,"位于增城区与东莞中堂镇交界处

位于产业园，附近为住宅区、学校",高优通达,毗邻广深大道东（城市主干道）,,
南头东福南路站,中山,"113.319541,22.703713",一般区域,附近为住宅区、工业园，距离南头站高铁站约1.92km车距,一般通达,站点位于东福南路（一般公路）,,
白云白云湖乐园站,广州,"113.2483,23.224285",一般区域,附近为白云湖公园、停车场、住宅区、工业区,一般通达,位于一般公路,,
龙岗平湖大街站,深圳,"114.146884,22.683396",一般区域,附近为制造业公司、商场、网球学院,一般通达,位于平湖大街（一般道路）,,
凤岗碧湖路站,东莞,"114.152317,22.729794",一般区域,附近为工业园、森林公园、幼儿园、住宅区,一般通达,位于碧湖路（一般公路）,,
罗湖和平路站,深圳,"114.022151,22.651095",次级商圈,"位于与香港交界处

附近为深圳站高铁站（仅一马路之隔），附近为住宅区、酒店",一般通达,位于和平路（一般公路）,,
龙岗白李路站（Miix),深圳,"114.139128,22.637543",一般区域,附近为食品公司、贸易商行、纸制品包装公司、产业园、住宅区,一般通达,位于白李路（一般公路）,,
龙岗红棉路站 （Miix),深圳,"114.211647,22.665818",次级商圈,附近为羽毛球馆、钓虾场、住宅区,一般通达,位于水官高速收费口、南坪快速干线、毗邻坳背地铁站,,
南海九江大道站-miix专用,佛山,"113.026088,22.852018",一般区域,附近为汽车配修店、家具厂,高优通达,站点位于环岛公路，连接人民东路、龙高路、保台线（均为城市主干道）,,
南海九江大道站-轻卡专用,佛山,"113.013927,22.837844",一般区域,"位于南海区与顺德区交界处，附近无南海区过会站点

附近为工业区、木业公司、三金工艺厂",高优通达,位于九江大道（一般道路）,,
龙华大和路站,深圳,"114.0526,22.67045",一般区域,附近为汽车销售店、充电站、商业大厦,高优通达,位于大和路（城市主干道），连接石清大道（城市主干道）和雪岗北路（城市主干道）,,
企石振华西二横街站,东莞,"114.025242,23.026269",一般区域,位于驾校，附近为科技园、工业区,高优通达,位于企石人民路（城市主干道）,,
龙岗丹平公路站(Miix),深圳,"114.152936,22.668015",一般区域,位于产业园，附近为交警中队、厂房、住宅区、工业园,高优通达,位于丹平公路（城市主干道）,,
白云朝阳田心路站-MIIX,广州,"113.208402,23.230982",一般区域,附近空地、产业园、物流公司,高优通达,站点位于鸦岗大道，毗邻朝阳立交（连接广佛肇高速、许广高速）,,
沙溪博爱一路站,中山,"113.347541,22.51945",一般区域,附近为住宅区、商场,高优通达,位于博爱一路（城市主干道）和中山二桥（城市主干道）,,
宝安新和三区站,深圳,"113.804972,22.664373",核心商圈,附近为宝安机场、住宅区、高尔夫球场,一般通达,位于福海街道（一般公路）,,
龙岗鹅溪湖田路站Miix,深圳,"114.149039,22.672475",一般区域,位于科技园，附近为大片工业区,一般通达,位于一般公路,,
凤岗体育馆站,东莞,"114.14,22.75",一般区域,"替代凤岗凤深大道站

位于体育馆，附近为住宅区、医院",一般通达,位于政通路（一般公路）,,
龙岗坪地龙岗大道站,深圳,"114.301568,22.764833",一般区域,附近为学校、商场、住宅区,高优通达,位于龙岗大道（城市主干道）,,
鹤山中东西大道站,江门,"112.97088,22.775932",一般区域,站点位于商场，附近为住宅区,一般通达,位于一般公路,,
蓬江胜利北路站,江门,"113.068902,22.590153",核心商圈,位于蓬江区行政中心（区政府所在网格，直线距离1.18km），附近为密集住宅区、医院,高优通达,位于一般公路，毗邻江门大道中（城市主干道，驾车行驶约1km）,,
顺德佛陈路站-miix,佛山,"112.837418,23.433705",一般区域,附近是住宅片区,高优通达,位于佛陈路（城市主干道），广佛交界的交通节点：近 7 号线南涌 / 锦龙站、佛陈路主干道、陈村大桥，方便往来禅城与广州,,
蓬江沙富里站,江门,"113.071869,22.565691",一般区域,位于学校，附近为住宅区、学校,高优通达,位于一般公路，毗邻江门大道中（城市主干道，驾车行驶约0.79km）,,
顺德佛陈路站-miix,佛山,"112.837418,23.433705",一般区域,附近是住宅片区,高优通达,位于佛陈路（城市主干道），广佛交界的交通节点：近 7 号线南涌 / 锦龙站、佛陈路主干道、陈村大桥，方便往来禅城与广州,,
大岭山大塘路站-Miix,东莞,"113.837584,22.87874",一般区域,"位于与松山湖交界处。
位于工业园区，附近大片工业园、科技园",高优通达,位于一般公路，毗邻莞长路（城市主干道，驾车约0.6km），毗邻莞佛高速收费口,,
花都荔枝基路站（旧）,广州,"113.231656,23.386455",核心商圈,站点处于花都旧城区的核心商务地带。附近为商务大厦，周边是密集的商业和居住区。靠近花都区政府和花都北站（顶替花都建设北）,高优通达,位于一般公路（旧城中心商业街区），车距约1km可达商业大道路,,
茶山吉兴路站,东莞,"114.121658,23.032999",核心商圈,镇中心传统商圈。附近为工业区、制衣厂、住宅区。毗邻茶山镇政府、茶山公园及老牌商业街。,一般通达,该点位位于茶山镇最繁华的十字路口附近。周边分布有大量成熟小区、商业中心,,
三角爱国工业路站-miix,中山,"113.42735,22.674171",一般区域,站点位于工业区（五金、电子厂等）。周边是住宅区、医院，三角镇政府周边,高优通达,位于南三公路（城市主干道）,,
沙田进港北路站-专用站,东莞,"113.617347,22.883913",一般区域,处于沙田镇临港产业带。周边分布着大量的仓储码头、化工生产及工业配套企业,高优通达,位于进港北路，是沙田镇的东西向主干道,,
清溪清塘路站,东莞,"114.055735,22.996732",一般区域,周边环绕着大量中小型电子厂和五金厂,高优通达,位于城市主干道,,
龙华环观南路站-专用站,深圳,"114.094399,22.703547",一般区域,处于观澜高新园片区。位于尚美创客大厦，属于成熟的商务办公载体，周边聚集了大量电子信息、智能制造企业的工业园和科技园,高优通达,位于环观南路，是龙华区的一条东西向城市主干道。毗邻观平路（南北向城市主干道）,,
惠城新沥路站-miix,惠州,"114.426142,23.118038",次级商圈,位于惠城区江北片区的边缘延伸带，属于非常典型的大型成熟社区集散地。属于高密住宅+临街商业+教育配套商圈，人口居住密度极高,一般通达,位于新沥路（一般公路，江北街道区域内的重要连接线）,,
东城银竹路站-Miix,东莞,"113.773475,23.064346",一般区域,位于田禾国际农产品交易中心，是东莞市区最重要的农副产品集散地。紧邻高密老旧居住区和工业区（电子科技公司）,一般通达,位于东城中路与银珠路交汇处（东城的交通脊梁，路面宽阔，承载力强；银竹路作为次干道，分流了大量进出交易中心的货运车流）,,
宝安松福大道站-专用站,深圳,"113.820513,22.782648",一般区域,"处于深圳宝安区与东莞长安镇的交界处。

属于地铁末端枢纽（碧头站）+工业外溢带+城际物流复合型商圈。周边环绕着如燕罗、松岗的大型电子及制造工业园",高优通达,紧邻松福大道（一般公路，宝安西部的交通大动脉，连接了松岗、沙井直至机场）,,
三角高平大道站-miix专用,中山,"113.462584,22.681571",一般区域,位于驾校，附近为大型工业园区的内部核心及生活配套（纺织制衣公司生活区）、汽修厂、住宅小区,高优通达,位于一般公路，毗邻南三公路（城市主干道）,,
惠城下角中路站-Pro,惠州,"114.389345,23.107323",次级商圈,属于成熟老城居住区 + 校园经济辐射 + 景区边缘带。周边密集分布着大量城中村与老旧家属院。,一般通达,位于一般公路,,
潮州火车站站-Pro,潮州,"116.584079,23.638136",次级商圈,属于区域级交通枢纽 + 陶瓷产业带门户 + 成熟生活配套。周边为围绕着陶瓷厂、住宅区，紧邻枫溪镇镇政府,高优通达,位于新风路（城市主干道，连接潮州市区与潮安区、汕头方向的核心动脉）,,
白云鹤龙二路站-嘉禾商业广场-,广州,"113.274621,23.2318",一般区域,成熟综合生活区,一般通达,周边道路配套成熟,,
宝安大宝路站,深圳,"113.912909,22.578252",一般区域,站点位于运动公园，附近为密集工业区、产业园,高优通达,站点位于创业二路（横向，城市主干道）,,
南城塘贝三路站,东莞,"113.738955,23.00505",核心商圈,核心区域，附近为商业广场、密集住宅区、学校和公园,一般通达,距离莞太路和宏远立交桥约0.3km，属于东莞市中心核心干道,,
塘厦新阳路站,东莞,"113.927921,22.981044",一般区域,距离东莞南站高铁站约3km，附近为住宅区和工业片区,一般通达,距离从莞深高速驾车约4km，连接东莞各镇区,,
"龙华民清路站
(1980科技文化产业园）",深圳,"114.040927,22.644533",一般区域,附近多为住宅、学校、工业园,一般通达,东向驾车7km为珠三角环线高速（连接深圳南北）,,
宝安广深公路站（Miix）,深圳,"114.325482,22.786857",一般区域,位于物流园区，距离宝安机场1km，附近为工业园区、公寓、酒店,一般通达,位于广深公路，纵向连接宝安区,,
福田福虹路站（深巴）,深圳,"114.084053,22.540074",一般区域,站点附近为医院、写字楼,高优通达,站点毗邻深南中路和深南皇岗立交（城市主干道）,,
南海竹基南路站,佛山,"113.118684,23.103778",一般区域,位于产业园，附近为酒店、住宅区、化工公司,一般通达,位于竹基南路（一般公路），毗邻广佛新干线（一般公路）,,
龙岗富民路站,深圳,"114.24839,22.749564",一般区域,附近为学校、工业区,一般通达,位于富民路（一般公路）,,
凤岗浸校塘环村路站（Miix）（二选一）,东莞,"114.138388,22.765653",一般区域,"替代凤岗凤深大道站

位于工业区片区内",高优通达,毗邻东深路（城市主干道）和凤岗凤清路（城市主干道）,,
龙华俊龙路站（Miix）,深圳,"114.329482,22.767385",一般区域,站点位于住宅区，附近是商场、工业区,一般通达,站点位于龙华和平路，东向驾车行驶1.5km可达龙胜路和布龙路,,
龙华俊龙路站（Pro）,深圳,"114.329482,22.767385",一般区域,站点位于住宅区，附近是商场、工业区,一般通达,站点位于龙华和平路，东向驾车行驶1.5km可达龙胜路和布龙路,,
龙华松元厦站（与观光路二选一）,深圳,"114.000909,22.732646",一般区域,附近为学校、高尔夫公馆、公园、工业区,高优通达,位于观光路（城市主干道）,,
大朗富农街站,东莞,"113.937525,22.926297",一般区域,位于中学门口，附近住宅区、老人院、商场,高优通达,位于富民中路（城市主干道）,,
惠阳龙海一路站,惠州,"114.475126,22.762741",一般区域,"属于澳头街道

附近为大片住宅区",高优通达,位于一般公路，毗邻人民六路（车程0.3km，城市主干道）,,
惠城金榜路站,惠州,"114.392741,23.058555",一般区域,"替代仲恺大道站

附近为广场、汽车客运站",高优通达,位于仲恺大道（城市主干道）,,
宝安锦程路站-Miix,深圳,"113.78556,22.739855",一般区域,"位于与东莞长安镇交界处

处于深圳西部工业带的核心位置，附近是多个电子产业园及大型制造工厂，属于纯工业园区",一般通达,位于一般道路,,
福田八卦岭站-Miix,深圳,"114.098366,22.560552",一般区域,处于福田中心区边缘的成熟综合区。处于工业区，附近为商业大厦、深圳市体育中心,高优通达,位于工业区内部公路，毗邻泥岗路（城市主干道）、毗邻八卦岭地铁站,,
福田八卦岭站-Miix,深圳,"114.098366,22.560552",一般区域,处于福田中心区边缘的成熟综合区。处于工业区，附近为商业大厦、深圳市体育中心,高优通达,位于工业区内部公路，毗邻泥岗路（城市主干道）、毗邻八卦岭地铁站,,
宝安松白路站-pro,深圳,"113.93,22.659467",一般区域,属于高新产业园集群+跨区交通枢纽+城中村聚落复合型商圈。周边紧邻创维、恩斯迈等大型知名工业园,一般通达,位于松白路（连接宝安与光明的长轴主动脉）,,
白云区塘贝西环路站,广州,"113.233779,23.300318",一般区域,位于白云区江高镇镇中心北部，靠近花都区（直线距离约4km），属于物流枢纽核心区域，附近有工业园、产业园、购物商场、普通住宅区,一般通达,位于塘贝西路（一般公路），紧邻夏花三路和广花三路（城市主干道，连接广州市区与花都）；北侧约2km为沈海高速收费站,,
白云鹤龙五路站,广州,"113.290975,23.336763",一般区域,周边混合业态的公司，例如汽车维修、服装公司、食品公司、车行、工业园、普通住宅区及城中村交织分布；无大型购物中心,一般通达,站点位于鹤龙五路（城市主干道，南北走向）,,
端州西江大桥站-PRO,肇庆,"112.443305,23.047774",一般区域,处于端州区西南边缘地带，周边为普通住宅区、学校,高优通达,紧邻大桥路和西江大桥（城市主干道，南北走向连接端州区和高要区）,,
高明文竹路站,佛山,"112.903649,22.880088",一般区域,位于佛山高明区与南海区交界处，附近为纺织科技公司、材料公司、环保公司等混合业态公司、住宅区、高明客运站,高优通达,紧邻高明大道东和高明大桥（东西走向连接高明区和南海区）,,
鼎湖东进大道站,肇庆,"112.567380,23.159062",核心商圈,处于鼎湖区与端州区交界地带&鼎湖区核心地带。附近为万达广场、住宅区、酒厂、学校，直线距离鼎湖区政府约3km,高优通达,位于肇庆大道（城市主干道，连接端州区和鼎湖区）,,
东升东港大道站,中山,"113.292551,22.623002",核心商圈,政务中心+市民广场+成熟居住区的复合商圈。周边紧邻东升文化广场、地税局及多个政府办公机构，是区域内人口流动最密集的“门面”地段,高优通达,站点位于葵兴大道（纵向连接中山市）,,
顺德仙桥路站,佛山,"113.284033,22.875661",一般区域,位于顺德区与广州番禺区、南沙区交界处。紧邻顺德高铁站，附近主要是轻工制造业为主（家具、纺织、机械等）,高优通达,位于龙洲东路（城市主干道，连接顺德区和番禺区）,,
香洲港湾大道站,珠海,"113.562595,22.372400",一般区域,位于珠海市高新区（香洲区唐家湾镇）核心区，处于香洲区北部，直线距离中山4.2km，属国家级高新技术产业园区。附近为住宅区、科技园、中山大学珠海校区等（4所高校聚集）、珠海国际赛车场，距离唐家湾轻轨站约1.8km,高优通达,位于金琴快线（快速路，南北走向连接香洲区）、港湾大道,,
香洲宝盛路站,珠海,"113.512955,22.165141",一般区域,位于珠海市香洲区南部片区，毗邻天悦广场（大型商业综合体）、住宅区、珠海洪湾保税区的医疗、科技、物流类企业，与国家级新区横琴区一桥之隔,一般通达,紧邻横琴大桥（连接国家级新区，横琴粤澳深度合作区）,,
坦洲嘉联路站,中山,"113.477610,22.256458",一般区域,位于中山坦洲镇（珠海香洲区交界附近，直线距离2-3km），周边以工业区、普通住宅区混合为主，附近有配套商场，属中山南部城乡结合区域,一般通达,位于一般道路，毗邻香海高速入口（直线距离1.5km）,,
罗湖罗沙路站-Pro,深圳,"114.163720,22.560410",一般区域,位于工业区，属于与罗湖与香港新界交界处，附近为住宅区、学校、配套商场，产业园，毗邻梧桐山国家级风景名胜区,高优通达,南侧为罗沙路（城市主干道，连接罗湖区与盐田、深惠方向）,,
南山海湾路站-专用,深圳,"113.896175,22.467570",一般区域,位于深圳市南山区招商蛇口港口片区，处于前海合作区西南边缘。主要以工业、物流、仓储类企业和商业机构为主，是典型的产业园区 / 工业区,高优通达,站点位于海湾路（南山区临海干道，连接招商街道与前海片区，城市次干道）,,
南山丽康路站-Miix,深圳,"113.907336,22.731219",一般区域,位于与宝安区交界处，附近均为工业区、产业园,高优通达,位于沙河西路（城市主干道，南北向，连接白石洲至石岩）,,
坪山秀沙路站（二选一）-专用,深圳,"114.408862,22.763868",一般区域,位于新能源汽车产业园区聚集区，与惠州惠阳区交界交界）。周边比亚迪汽车工业园（坑梓二期及一期）、坑梓高新区智能制造产业园、工业园、科技园，周边以产业园配套工人宿舍和普通住宅为主,高优通达,站点位于秀沙路（南北向一般公路，连接坑梓片区内部）；南侧约0.5km为坪山大道（城市主干道，东西横贯坪山新区，为坪山最重要主干道）,,
大岭山横镇西路站-专用,东莞,"113.838450,22.918696",一般区域,位于东莞市大岭山镇横镇工业区，属典型的制造业工业园区。附近以中小型工厂和仓储用地为主（机械、五金、塑料、电子制造等）；无大型购物中心,一般通达,站点位于横镇西路305号（一般公路，东西向）,,
企石环企大道站,东莞,"114.046113,23.038973",一般区域,位于企石镇工业走廊区域，处于企石镇西南部边缘地带。附近为工业园区和科技园（电子、机械制造、材料为主）,高优通达,站点位于环企大道（镇级主干道，环形贯通企石镇工业区）附近，紧邻企环路（城市主干道）,,
惠阳承修四路站-Miix,惠州,"114.458736,22.779233",次级商圈,位于惠阳区淡水街道的老牌居住区，附近是住宅区、学校、配套商场（直线距离约1km）、惠阳区人民政府（直线距离1km）,一般通达,位于一般公路,,
惠阳龙盛一路站（二选一）-Miix,惠州,"114.424537,22.761815",一般区域,位于广东省深圳市坪山区与惠州市惠阳区交界地带，附近为仓储物流中心、电商产业园、住宅区，毗邻比亚迪相关厂区（比亚迪坑梓一期、比亚迪锂电池公司），,高优通达,附近有深汕公路（城市主干道，贯穿深圳、惠州）、龙海一路（一般公路）,,
金平潮汕路站-Miix,汕头,"116.686790,23.404393",一般区域,站点周边以科技产业园、工业区为主，住宅配套较少,高优通达,位于潮汕路（城市主干道，南北走向贯穿金平区）,470.5882352941176,450
汕湛高速大峰服务区（汕头方向）站,汕头,"116.493455,23.289733",,汕湛高速（S14）是连接粤东与珠三角的重要干线，大峰服务区作为进入汕头市区的“东大门”节点，具备极强的过境补能属性。服务区配套有大型加油站、便利店（中石化易捷等）、餐饮区及长途司机休息室。,,站点直面【汕湛高速】主干道，车辆进出完全依托服务区标准化匝道，通行条件极佳。,1440,高速项目暂时参考竞品租金
汕湛高速大峰服务区（湛江方向）站,汕头,"116.493455,23.289733",,汕湛高速（S14）是连接粤东与珠三角的重要干线，大峰服务区作为进入汕头市区的“东大门”节点，具备极强的过境补能属性。服务区配套有大型加油站、便利店（中石化易捷等）、餐饮区及长途司机休息室。,,站点直面【汕湛高速】主干道，车辆进出完全依托服务区标准化匝道，通行条件极佳。,1440,高速项目暂时参考竞品租金
汕湛高速金和服务区（汕头方向）站,揭阳,"116.040987,23.383918",,汕湛高速（S14）金河段是珠三角通往汕头、潮州的重要通道。该服务区处于揭西县境内，是车辆长途行驶进入粤东密集区前的关键补能停靠点。服务区配套设施成熟，包含餐饮区、洗手间、便利店及大型加油站。,,站点直通【汕湛高速】。车辆无需下高速，通过服务区引导匝道即可直接入场，极大缩短了司机的时间成本。,1440,高速项目暂时参考竞品租金
汕湛高速金和服务区（湛江方向）站,揭阳,"116.040987,23.383918",,汕湛高速（S14）金河段是珠三角通往汕头、潮州的重要通道。该服务区处于揭西县境内，是车辆长途行驶进入粤东密集区前的关键补能停靠点。服务区配套设施成熟，包含餐饮区、洗手间、便利店及大型加油站。,,站点直通【汕湛高速】。车辆无需下高速，通过服务区引导匝道即可直接入场，极大缩短了司机的时间成本。,1440,高速项目暂时参考竞品租金
西堤公园停车场,汕头,"116.671122,23.351676",核心商圈,位于金平区老城区的最西端，紧邻西堤公园和汕头小公园历史文化街区。是外地游客和本地市民晚间散步的高频目的地,高优通达,位于西堤公园入口处的镇邦路，路面相对开阔。毗邻西堤路，城市主干道,0,400
星洲公园,汕头,"116.732120,23.364445",核心商圈,"直线距离万象城1.51km，已询问小桔充电同事胡炜森，该站点距离万象城较近，位置不错，单车位租金大概率突破500

高密度成熟的老牌中端社区住宅",高优通达,位于衡山路（南北动脉，城市主干道）,0,500
东方公园,汕头,"116.706949,23.356697",核心商圈,"直线距离万象城1.18km，已询问小桔充电同事胡炜森，该站点距离万象城较近，位置不错，单车位租金大概率突破500

位于高密度成熟住宅区，是金平区非常成熟的老牌住宅区，周围是密集住宅区、学校",一般通达,天山北路（一般公路，南北轴线）,0,500
锦泰花园,汕头,"116.743899,23.356808",次级商圈,属于汕头龙湖区开发最早、入住率最高、生活气息最浓的区域之一，周边是密集住宅区、广场,高优通达,位于韩江路（一般公路，东西向主干道）、中山东路（城市主干道）,0,500
中山东路与衡山路交叉口,汕头,"116.734973,23.355536",次级商圈,属于老牌住宅区，周边是密集住宅区,高优通达,位于中山东路是快速主干道,0,500
社区体育公园足球场,汕头,"116.721423,23.358876",核心商圈,"距离万象城0.48km，已询问小桔充电同事胡炜森，该站点距离万象城较近，位置不错，单车位租金大概率突破500

是龙湖区极其老牌且核心的居住地带，附近是时代广场（公园）、汕头图书馆、万象城、合胜广场和苏宁广场三个大型商场、国际会展中心、汕头政务中心，以及密集住宅区",高优通达,位于华山路（南北向一般公路）、长平路（东西向商业大动脉，一般公路）,0,500
汕头儿童公园东园停车场,汕头,"116.753437,23.377437",次级商圈,位于儿童公园，周边为密集住宅区（高端居住中心区）,高优通达,位于汕头市两条核心主干道——中山东路（东西轴线）与泰山南路（南北轴线）的十字路口西北角。毗邻沈海高速收费口,0,500
汕头儿童公园西园停车场,汕头,"116.736728,23.354586",次级商圈,位于儿童公园，周边为密集住宅区（高端居住中心区）,高优通达,位于汕头市两条核心主干道——中山东路（东西轴线）与泰山南路（南北轴线）的十字路口西北角。毗邻沈海高速收费口,0,500
黄埔区黄埔东路站,广州,"113.51,23.09",一般区域,,一般通达,,,
增城陈家林路站,广州,"113.557208,23.129179",一般区域,,高优通达,,,
花都狮岭宝峰北路站,广州,"113.176045,23.468563",一般区域,,一般通达,,,
宝安蚝丰二路站-专用,深圳,"113.796016,22.716773",一般区域,,一般通达,,,
龙岗平朗路站-专用,深圳,"114.126683,22.651546",一般区域,,高优通达,,,
龙岗红棉路站-Miix,深圳,"114.17,22.64",一般区域,,一般通达,,,
"揭阳机场站
-Miix",揭阳,"116.519979,23.537335",一般区域,,高优通达,,,
