name,city,district,bc_type,road_cond,unit_rent,bound_rent,audit_date,transit_count,industrial_count,mall_count,hub_highway,hub_railway,hub_coach,hub_airport
北站中心公园,深圳,龙华区,核心商圈,一般通达,1000.0,1200.0,2024-12-29,1,2,20,0,1,1,0
龙城工业园,深圳,宝安区,一般区域,高优通达,1200.0,800.0,2024-12-29,3,1,6,3,0,0,0
宝安海秀路,深圳,宝安区,一般区域,一般通达,2000.0,1500.0,2025-02-18,3,1,18,2,4,2,0
宝安沙井南环路东,深圳,宝安区,一般区域,一般通达,900.0,1000.0,2024-12-29,0,0,0,0,0,0,0
龙岗日月时创健康科技园,深圳,龙岗区,一般区域,高优通达,1000.0,1000.0,2025-03-12,0,3,7,6,2,0,0
宝安稔田路,深圳,宝安区,一般区域,高优通达,800.0,900.0,2025-03-12,1,5,19,0,1,0,4
龙华龙胜,深圳,龙华区,一般区域,一般通达,800.0,900.0,2025-01-22,3,4,20,0,0,0,0
南山特发信息港,深圳,南山区,核心商圈,一般通达,1600.0,1800.0,2025-03-19,4,0,15,7,2,0,0
龙岗西环路,深圳,龙岗区,一般区域,高优通达,888.8,1000.0,2025-03-19,2,0,20,8,2,0,0
龙岗吉政路,深圳,龙岗区,一般区域,一般通达,1200.0,1000.0,2025-03-26,2,0,20,0,2,0,0
前进文化广场换电站,广州,天河区,次级商圈,一般通达,1300.0,1500.0,2024-09-25,3,3,20,0,0,4,0
江夏第一幼儿园,广州,白云区,一般区域,高优通达,800.0,1000.0,2024-10-27,4,3,16,7,3,1,0
三元里新景大厦,广州,白云区,次级商圈,高优通达,1300.0,1200.0,2024-10-27,6,4,20,0,3,2,0
白云黄石立交,广州,白云区,次级商圈,高优通达,800.0,1000.0,2024-12-29,5,6,20,0,0,0,0
番禺飘峰站,广州,番禺区,郊区/偏远,高优通达,600.0,600.0,2024-12-17,2,7,10,4,4,0,1
番禺沙南路站,广州,番禺区,一般区域,一般通达,700.0,700.0,2024-12-17,1,4,17,0,1,0,1
畅电棠东,广州,天河区,次级商圈,高优通达,1615.3846153846155,1500.0,2024-12-17,4,2,20,3,4,0,0
智井,广州,白云区,一般区域,一般通达,769.2307692307693,900.0,2024-12-17,0,5,20,8,3,0,0
番禺东霖超充,广州,番禺区,一般区域,高优通达,650.0,750.0,2024-12-17,1,3,12,0,1,3,0
嘉禾长红,广州,白云区,一般区域,高优通达,800.0,800.0,2024-12-17,1,0,12,0,0,0,3
华汇国际广场,广州,南沙区,核心商圈,高优通达,600.0,800.0,2024-12-29,1,0,6,0,0,0,0
一诺汽车服务,广州,白云区,一般区域,高优通达,500.0,800.0,2024-12-29,1,0,4,3,1,1,0
广州天河员村,广州,天河区,次级商圈,一般通达,1400.0,1600.0,2025-02-26,5,0,14,0,0,0,0
海珠新滘中路,广州,海珠区,一般区域,高优通达,1200.0,1200.0,2025-01-22,2,2,20,0,3,0,0
荔湾龙溪大道站,广州,荔湾区,一般区域,高优通达,940.0,1000.0,2025-02-18,4,5,14,0,1,1,0
天河长兴路站,广州,天河区,次级商圈,一般通达,1100.0,1200.0,2025-02-18,3,4,10,0,4,10,0
九五科技园,广州,番禺区,一般区域,一般通达,700.0,800.0,2025-03-12,0,6,13,2,1,2,0
富怡路,广州,番禺区,一般区域,一般通达,800.0,700.0,2025-03-12,0,10,4,3,1,3,1
荔湾广钢新城站,广州,荔湾区,次级商圈,高优通达,800.0,800.0,2025-03-19,4,0,7,8,0,0,0
联东U谷,佛山,南海区,一般区域,一般通达,653.8461538461538,700.0,2024-12-29,4,0,8,8,0,0,2
伦教北祖路口,佛山,顺德区,一般区域,一般通达,630.0,600.0,2024-12-29,2,0,3,0,0,0,0
南海海三路站,佛山,南海区,核心商圈,高优通达,1200.0,750.0,2025-01-22,0,0,0,0,0,0,0
佛山大道中,佛山,禅城区,一般区域,高优通达,1150.0,750.0,2025-02-26,4,0,3,0,2,0,2
大良红岗路,佛山,顺德区,郊区/偏远,一般通达,730.0,700.0,2025-02-26,0,7,12,0,0,1,0
千灯湖站,佛山,南海区,核心商圈,一般通达,900.0,750.0,2025-03-12,2,0,19,0,1,0,2
古大路,佛山,禅城区,一般区域,高优通达,765.143,650.0,2025-03-12,0,3,10,1,2,1,0
佛山海八西路（骏威龙）,佛山,南海区,核心商圈,一般通达,900.0,750.0,2025-03-19,2,3,19,0,1,0,2
寮步创益广场,东莞,寮步镇,一般区域,高优通达,538.4615384615385,600.0,2024-12-17,1,5,2,3,2,1,0
虎门高铁站,东莞,虎门镇,次级商圈,高优通达,646.1538461538462,650.0,2024-12-17,3,9,5,0,4,1,0
虎门小捷滘,东莞,虎门镇,次级商圈,高优通达,623.0769230769231,650.0,2025-01-22,3,6,15,0,0,0,0
大岭山振华路,东莞,大岭山镇,一般区域,高优通达,692.3076923076923,700.0,2025-01-22,0,10,8,0,0,0,0
常平常横路,东莞,常平镇,一般区域,一般通达,576.9230769230769,600.0,2025-02-26,0,8,11,3,0,0,0
东城体育公园,东莞,东城区,核心商圈,一般通达,411.7647058823529,600.0,2025-03-12,2,5,14,0,2,0,0
茶山站前西路,东莞,茶山镇,次级商圈,高优通达,450.0,600.0,2025-03-19,0,7,15,0,0,3,0
长安振安中路站,东莞,长安镇,次级商圈,一般通达,760.0,800.0,2025-03-26,1,0,20,0,0,0,0
香洲攀云购物中心,珠海,香洲区,核心商圈,一般通达,863.2379999999999,950.0,2025-02-26,0,0,7,3,1,0,0
香洲迎宾南路站,珠海,香洲区,次级商圈,高优通达,930.0,950.0,2025-03-12,0,0,19,0,2,4,0
香洲明珠南路站,珠海,香洲区,一般区域,高优通达,740.0,700.0,2025-03-19,0,7,19,6,2,1,0
宝安恒南路,深圳,宝安区,一般区域,一般通达,1250.0,1200.0,2025-04-09,5,8,13,6,2,0,0
南山科苑南路,深圳,南山区,一般区域,一般通达,1224.0,1500.0,2025-04-09,2,2,20,0,3,0,0
福田白石路,深圳,福田区,一般区域,高优通达,1224.0,1500.0,2025-04-09,3,1,13,9,2,0,0
福田侨香二路,深圳,福田区,一般区域,一般通达,1224.0,1500.0,2025-04-09,4,1,11,10,0,0,0
罗湖沙湾路,深圳,罗湖区,一般区域,高优通达,1224.0,1200.0,2025-04-09,3,2,15,4,2,0,0
罗湖东晓体育中心,深圳,罗湖区,一般区域,高优通达,1750.0,1200.0,2025-04-09,4,8,20,7,2,1,0
广州黄埔开泰大道,广州,黄埔区,一般区域,高优通达,800.0,800.0,2025-04-09,0,3,8,0,0,0,0
乐从大道,佛山,顺德区,一般区域,高优通达,650.0,750.0,2025-04-09,1,3,6,4,1,0,0
荔湾如意坊站（新风港）,广州,荔湾区,次级商圈,高优通达,1300.0,1500.0,2025-04-27,3,3,20,0,1,1,0
天河天茂路站(奥体南方众悦),广州,天河区,一般区域,一般通达,1100.0,1200.0,2025-04-27,2,5,20,4,2,0,0
斗门虹桥四路站（永盈商业中心）,珠海,斗门区,次级商圈,高优通达,750.0,700.0,2025-04-27,0,3,7,0,1,0,0
长安太安路站（厦岗昊志）,东莞,长安镇,一般区域,高优通达,880.0,800.0,2025-04-27,1,6,13,0,2,0,0
高埗高龙西路站,东莞,高埗镇,一般区域,一般通达,500.0,600.0,2025-04-27,0,7,2,4,0,0,0
东城银山街站（主山停车场）,东莞,东城区,次级商圈,一般通达,900.0,750.0,2025-04-27,0,0,20,0,0,0,0
南城周溪站（南城行侠超级充电站）,东莞,南城街道,一般区域,一般通达,750.0,750.0,2025-04-27,0,0,4,6,1,2,0
厚街汀环路站,东莞,厚街镇,一般区域,高优通达,700.0,800.0,2025-04-27,0,0,3,3,0,0,0
宝安荔园路（景成精密有限公司),深圳,宝安区,一般区域,一般通达,900.0,1000.0,2025-04-27,2,0,11,6,2,0,4
宝安西乡体育中心站,深圳,宝安区,次级商圈,一般通达,1416.6,1200.0,2025-04-27,3,0,9,4,2,0,4
龙华清泉路站（金禾田）,深圳,龙华区,次级商圈,高优通达,910.0,1200.0,2025-04-27,4,4,20,1,0,1,0
大朗松佛路站（ANDONE篮球馆）,东莞,大朗镇,一般区域,一般通达,600.0,600.0,2025-05-28,1,3,20,0,0,0,0
"厚街厚街大道站
鑫创动力产业园",东莞,厚街镇,次级商圈,高优通达,700.0,800.0,2025-05-21,0,8,20,0,0,0,0
越秀越秀公园站（奥宝以太广场）,广州,越秀区,核心商圈,一般通达,1615.3846153846155,1800.0,2025-05-13,3,6,20,6,1,0,0
广州东站站,广州,天河区,核心商圈,一般通达,1400.0,1600.0,2025-05-13,0,5,20,4,1,3,0
白云京溪站（捷能京溪）,广州,白云区,次级商圈,一般通达,800.0,1000.0,2025-05-13,6,5,20,6,2,1,0
南海西樵站,佛山,南海区,一般区域,一般通达,580.0,650.0,2025-05-13,0,0,18,0,0,1,0
顺德容奇大道中站（容山商场）,佛山,顺德区,一般区域,高优通达,860.0,750.0,2025-05-13,1,0,10,0,1,0,0
金湾北河一路站（金点广场）,珠海,金湾区,一般区域,一般通达,730.0,700.0,2025-05-13,0,0,9,0,0,0,0
宝安大铲湾站,深圳,宝安区,一般区域,高优通达,1230.7692307692307,1400.0,2025-05-21,4,0,13,3,3,1,0
白云机场二站,广州,白云区,核心商圈,一般通达,900.0,1000.0,2025-05-28,2,13,7,12,2,2,4
白云太成站,广州,白云区,郊区/偏远,一般通达,600.0,600.0,2025-05-21,0,8,2,10,0,0,4
海珠赤沙站,广州,海珠区,郊区/偏远,一般通达,660.0,1200.0,2025-03-26,0,5,5,13,0,0,0
南海罗村沿江南路站（罗村商业广场）,佛山,南海区,次级商圈,高优通达,750.0,750.0,2025-06-14,0,0,0,0,0,0,0
南海罗村立交站（新天地模具）,佛山,南海区,一般区域,高优通达,700.0,750.0,2025-06-14,1,3,16,0,0,0,2
广州机场站,广州,白云区,一般区域,一般通达,900.0,1000.0,2025-06-10,0,13,7,12,2,0,0
龙岗鸿基路站,深圳,龙岗区,一般区域,高优通达,741.0,800.0,2025-06-14,3,6,9,0,1,1,0
东城市民休闲公园站,东莞,东城区,一般区域,一般通达,800.0,750.0,2025-06-14,0,3,10,0,0,0,0
塘厦塘厦大道中站（星达名车）,东莞,塘厦镇,一般区域,一般通达,700.0,700.0,2025-06-14,0,0,0,0,0,0,0
宝安兴业东路站（华富工业区，二选一）,深圳,宝安区,一般区域,一般通达,900.0,1000.0,2025-06-25,2,0,15,0,0,0,0
黄埔神舟路站,广州,黄埔区,核心商圈,高优通达,550.0,800.0,2025-07-05,2,0,3,4,2,0,0
番禺大学城北亭站（爱充大学城),广州,番禺区,次级商圈,一般通达,450.0,600.0,2025-06-25,2,0,5,0,2,0,0
白云云霄路站（5号停机坪(较稳定6-27)）,广州,白云区,核心商圈,一般通达,1000.0,1200.0,2025-06-25,0,0,20,0,0,0,0
南岗鹿布牌坊(较稳定6-27),广州,黄埔区,一般区域,一般通达,923.0769230769231,800.0,2025-06-25,2,0,10,4,0,0,0
南海大沥腾龙路站-大沥永旺梦乐城(较稳定6-27),佛山,南海区,核心商圈,一般通达,700.0,700.0,2025-06-25,0,0,21,14,2,0,0
高明平山大道站-(替代高明客运站),佛山,高明区,一般区域,高优通达,600.0,600.0,2025-06-25,0,0,8,0,0,0,0
龙岗吉华路站（吉通工业园）,深圳,龙岗区,一般区域,一般通达,980.0,1000.0,2025-07-06,6,6,14,4,0,0,0
南山沙河西路站,深圳,南山区,次级商圈,高优通达,1316.8,1500.0,2025-07-06,4,1,8,3,1,0,0
长安莞长路站,东莞,长安镇,一般区域,一般通达,700.0,800.0,2025-07-06,0,7,12,0,0,0,0
番禺广场市莲路停车场-番禺市莲路站,广州,番禺区,次级商圈,高优通达,880.0,800.0,2025-07-16,1,3,15,0,0,0,0
番禺大道北站-捷电通,广州,番禺区,一般区域,高优通达,650.0,800.0,2025-07-16,1,6,9,0,1,1,0
白云佰德商业广场-白云鹅掌坦站,广州,白云区,次级商圈,一般通达,1100.0,1200.0,2025-07-16,6,2,20,0,2,1,0
宏泰创客空间-天河珠村护林路站-顶替天茂路二选一,广州,天河区,一般区域,高优通达,1076.923076923077,1200.0,2025-07-16,3,5,20,0,0,4,0
羊充-番禺南浦站,广州,番禺区,次级商圈,一般通达,450.0,600.0,2025-07-16,2,2,10,7,0,0,1
顺联公园里-南海季华东路站,佛山,南海区,一般区域,高优通达,630.7692307692307,750.0,2025-07-16,3,1,14,8,0,0,2
宝安东方大道站（鑫伟润创客中心，替换松岗汽车站）,深圳,宝安区,一般区域,高优通达,600.0,800.0,2025-07-16,0,5,12,6,0,0,3
宝安机场码头站,深圳,宝安区,核心商圈,一般通达,1153.8461538461538,1200.0,2025-07-16,0,3,0,7,0,0,4
宝安环镇路站（智荟先进产业园）,深圳,宝安区,一般区域,高优通达,980.0,800.0,2025-07-16,4,0,1,2,1,0,0
大朗工业东路站（科旺）,东莞,大朗镇,一般区域,一般通达,630.0,700.0,2025-07-16,0,10,20,0,2,1,0
龙岗沙荷路站（新龙低碳产业园）,深圳,龙岗区,一般区域,一般通达,800.0,800.0,2025-07-26,4,0,6,0,0,0,0
万江万道路站,东莞,万江街道,核心商圈,一般通达,600.0,600.0,2025-07-26,3,0,4,4,0,0,0
番禺会江站-捷易电汽车充电站(乐万充广州南超充),广州,番禺区,次级商圈,一般通达,730.7692307692307,800.0,2025-07-30,3,4,2,9,3,2,0
番禺板桥站-嘉信驾校,广州,番禺区,一般区域,一般通达,750.0,600.0,2025-07-30,0,1,0,0,0,0,0
厚街南环路站,东莞,厚街镇,核心商圈,一般通达,740.0,800.0,2025-07-30,0,7,11,0,0,0,0
龙华大浪北路站,深圳,龙华区,一般区域,一般通达,780.0,800.0,2025-07-30,3,8,4,0,0,0,0
龙华大富路站,深圳,龙华区,一般区域,一般通达,800.0,800.0,2025-08-06,6,4,20,0,0,0,0
光明融汇路站,深圳,光明区,一般区域,一般通达,1076.923076923077,1200.0,2025-08-06,1,5,10,5,1,0,0
天河黄埔大道中站,广州,天河区,次级商圈,高优通达,1420.0,1600.0,2025-08-06,5,3,20,0,4,0,0
白云太和中路站-安神禧越酒店-,广州,白云区,郊区/偏远,一般通达,850.0,850.0,2025-08-13,1,0,10,0,2,1,4
增城发展路站-增城汇都公馆,广州,增城区,核心商圈,高优通达,600.0,600.0,2025-08-13,0,4,1,0,0,0,0
广州南站站-番禺南站石建混凝土,广州,番禺区,核心商圈,一般通达,900.0,1000.0,2025-08-13,1,2,1,3,2,2,0
南海佛平三路站-盛世腾飞智造园(夏西园),佛山,南海区,核心商圈,一般通达,750.0,750.0,2025-08-13,3,1,16,0,0,0,2
顺德勒流育贤大道站,佛山,顺德区,次级商圈,一般通达,540.0,600.0,2025-08-13,0,3,6,5,0,0,0
南海浔峰洲路站,佛山,南海区,次级商圈,一般通达,580.0,600.0,2025-08-13,0,9,4,0,0,0,1
香洲情侣南路站,珠海,香洲区,一般区域,一般通达,850.0,950.0,2025-08-13,0,1,4,0,0,0,0
坦洲镇南坦路站-智盛大厦,中山,坦洲镇,一般区域,一般通达,679.1207692307692,650.0,2025-08-13,0,4,13,1,0,1,0
"万江中心区东路站
（盛世华南）",东莞,万江街道,核心商圈,一般通达,570.0,600.0,2025-08-13,2,7,17,0,0,0,0
"虎门赤岗富马路站
（红星学校旁停车场）",东莞,虎门镇,一般区域,一般通达,700.0,650.0,2025-08-20,0,8,6,12,0,0,0
南城环城西路站,东莞,南城街道,核心商圈,一般通达,800.0,750.0,2025-08-20,3,6,12,2,2,2,0
"龙岗龙富路站
（速来电超充站龙富路站）",深圳,龙岗区,核心商圈,高优通达,1150.0,1200.0,2025-08-20,4,6,20,0,0,2,0
福田下梅林一街站,深圳,福田区,一般区域,高优通达,1569.2307692307693,1500.0,2025-08-20,0,0,11,6,0,0,0
花都三东大道站,广州,花都区,一般区域,一般通达,640.0,600.0,2025-08-20,2,4,14,0,3,0,0
白云同泰路站-南湖麒麟山庄,广州,白云区,一般区域,高优通达,700.0,800.0,2025-08-20,2,6,13,0,0,0,0
增城新荔公路站-小桔汽车充电站(增城万达广场站),广州,增城区,核心商圈,高优通达,700.0,700.0,2025-08-20,1,0,8,0,0,0,0
古镇同兴路站-小桔充电汽车充电站(速达同兴路),中山,古镇镇,一般区域,一般通达,500.0,500.0,2025-08-20,1,5,13,0,0,0,0
火炬开发区中山六路站-中山火炬开发区经双仓储服务部,中山,火炬开发区,一般区域,一般通达,500.0,500.0,2025-08-20,0,6,5,0,1,0,0
长安上南路站,东莞,长安镇,一般区域,高优通达,615.3846153846154,700.0,2025-08-27,1,5,8,0,0,0,0
石碣向阳路站,东莞,石碣镇,一般区域,一般通达,600.0,600.0,2025-08-27,0,0,15,6,0,0,0
石排海仔北路站,东莞,石排镇,一般区域,高优通达,600.0,600.0,2025-08-27,0,0,5,0,1,0,0
顺德北滘广珠公路站,佛山,顺德区,一般区域,一般通达,873.5,750.0,2025-08-27,2,0,4,0,0,0,0
小榄环镇北路站,中山,小榄镇,一般区域,一般通达,600.0,600.0,2025-08-27,0,0,5,3,1,0,0
"坪山坪联路站（Miix）
（二选一）",深圳,坪山区,一般区域,高优通达,923.0769230769231,750.0,2025-09-03,4,0,9,0,0,0,0
东城狮龙路站,东莞,东城区,一般区域,一般通达,630.0,700.0,2025-09-03,1,0,3,3,0,0,0
增城新塘大道站,广州,增城区,次级商圈,高优通达,730.7692307692307,700.0,2025-09-03,1,0,11,0,0,0,0
龙岗万国城站,深圳,龙岗区,一般区域,高优通达,1300.0,800.0,2025-09-03,0,0,3,7,0,0,0
万江和谐路站,东莞,万江街道,一般区域,一般通达,577.982,600.0,2025-09-10,1,0,4,0,0,1,0
常平常东路站（miix）,东莞,常平镇,一般区域,一般通达,538.4615384615385,600.0,2025-09-10,0,0,10,0,0,0,0
龙岗新厦大道站（miix）,深圳,龙岗区,一般区域,高优通达,769.2307692307693,800.0,2025-09-10,4,7,18,3,2,0,0
三水口岸大道站,佛山,三水区,一般区域,高优通达,700.0,600.0,2025-09-10,3,1,3,0,0,2,0
龙岗马安堂中兴路站,深圳,龙岗区,一般区域,一般通达,1038.4615384615386,1000.0,2025-09-17,3,3,7,8,0,0,0
南山欧源路站,深圳,南山区,一般区域,高优通达,1550.0,1500.0,2025-09-17,8,1,16,1,2,0,0
寮步工业北三路站,东莞,松山湖,一般区域,一般通达,600.0,600.0,2025-09-17,1,1,10,0,0,0,0
从化从城大道站,广州,从化区,次级商圈,高优通达,600.0,600.0,2025-09-17,1,2,8,3,0,6,0
白云朝阳联窖路站-MIIX,广州,白云区,一般区域,一般通达,553.8461538461538,1000.0,2025-09-17,2,3,2,0,3,0,0
黄埔丰乐北路站,广州,黄埔区,次级商圈,高优通达,653.8461538461538,900.0,2026-04-01,0,5,11,0,2,0,0
龙岗京南路站（Miix),深圳,龙岗区,一般区域,高优通达,1000.0,1000.0,2025-09-24,1,2,20,0,0,0,0
大朗葡萄塘路站,东莞,大朗镇,一般区域,高优通达,650.0,600.0,2025-09-24,0,13,11,1,0,0,0
常平常平大道站,东莞,常平镇,一般区域,高优通达,600.0,600.0,2025-09-24,1,0,20,0,5,1,0
虎门怀德路站,东莞,虎门镇,一般区域,一般通达,600.0,600.0,2025-09-24,0,0,5,0,0,0,0
白云人和方华公路站-miix,广州,白云区,一般区域,一般通达,1000.0,1000.0,2025-09-24,0,0,0,0,0,0,0
南海大沥客运站站-1,佛山,南海区,一般区域,高优通达,730.0,750.0,2025-09-24,0,4,1,0,0,0,0
顺德南霞南路站-云高领地文体小镇,佛山,顺德区,一般区域,高优通达,800.0,750.0,2025-09-24,0,7,5,0,1,0,0
香洲西环路站,珠海,香洲区,一般区域,一般通达,930.0,900.0,2025-09-24,2,0,9,0,0,0,0
石岐莲员东路站,中山,石岐街道,一般区域,高优通达,620.0,600.0,2025-09-24,1,0,21,0,1,0,0
东区博爱六路站,中山,石岐街道,一般区域,高优通达,490.0,650.0,2025-09-24,0,0,3,0,0,0,0
龙华宁远路站,深圳,龙华区,一般区域,高优通达,1000.0,1200.0,2025-09-24,4,0,20,3,1,1,0
南海南海路站-碧翠华庭,佛山,南海区,一般区域,高优通达,750.0,700.0,2025-10-23,1,4,19,0,0,0,0
南海招大路站,佛山,南海区,一般区域,一般通达,700.0,700.0,2025-10-09,5,2,1,3,2,0,0
虎门会展中心站,东莞,虎门镇,核心商圈,高优通达,600.0,600.0,2025-10-09,3,1,20,0,0,0,0
黄江盛业路站,东莞,黄江镇,次级商圈,高优通达,600.0,600.0,2025-10-09,0,13,12,3,1,0,0
南城雅园工业路,东莞,南城街道,一般区域,高优通达,700.0,700.0,2025-10-09,3,4,7,0,0,0,0
龙华民治大道站,深圳,龙华区,一般区域,高优通达,1300.0,1200.0,2025-10-29,0,5,20,3,1,0,0
南海广佛新干线站-叁潭,佛山,南海区,一般区域,一般通达,700.0,700.0,2025-10-13,0,7,20,0,0,0,2
光明东茂路站,深圳,光明区,一般区域,高优通达,800.0,800.0,2025-10-29,3,0,3,2,0,0,0
龙岗新康路站,深圳,龙岗区,一般区域,高优通达,600.0,800.0,2025-10-29,3,0,20,0,0,0,0
寮步上中路站,东莞,寮步镇,一般区域,高优通达,630.0,600.0,2025-10-29,0,0,2,7,0,0,0
塘厦得胜路站,东莞,塘厦镇,一般区域,高优通达,630.0,600.0,2025-10-29,0,7,2,0,0,0,0
增城荔城大道站,广州,增城区,一般区域,高优通达,700.0,600.0,2025-10-29,0,2,6,0,0,0,0
西区彩虹大道站-轻卡,中山,西区街道,一般区域,高优通达,676.9230769230769,650.0,2025-10-29,0,7,1,0,0,1,0
黄埔永和大道站,广州,黄埔区,一般区域,高优通达,780.0,800.0,2025-10-29,0,6,3,0,0,0,0
龙华观光路站,深圳,龙华区,一般区域,高优通达,784.762,800.0,2025-10-29,0,6,9,0,1,0,0
宝安黄朗路站(Miix),深圳,宝安区,一般区域,高优通达,769.2307692307693,800.0,2025-10-29,0,5,7,0,0,0,0
白云白云大道北站,广州,白云区,一般区域,高优通达,900.0,1000.0,2025-10-29,2,11,14,17,2,1,0
顺德东乐路站,佛山,顺德区,一般区域,高优通达,750.0,750.0,2025-11-05,4,3,13,0,0,0,0
南海南桂东路站,佛山,南海区,次级商圈,高优通达,750.0,750.0,2025-11-05,2,1,20,8,0,0,2
番禺龙美莲花路站-MIIX,广州,番禺区,一般区域,高优通达,961.5384615384615,950.0,2025-11-05,2,0,15,1,1,0,0
荔湾龙溪大道二站,广州,荔湾区,一般区域,高优通达,923.0769230769231,900.0,2025-11-05,1,0,1,0,0,0,0
香洲梅华西路站,珠海,香洲区,核心商圈,高优通达,740.0,700.0,2025-11-05,1,0,10,7,0,0,0
宝安石观路站,深圳,宝安区,一般区域,高优通达,800.0,800.0,2025-11-05,4,2,6,0,1,1,0
龙岗富坪中路站（Miix）,深圳,龙岗区,一般区域,高优通达,1000.0,800.0,2025-11-05,3,8,13,0,0,0,0
白云机场三站,广州,花都区,核心商圈,高优通达,1269.2307692307693,1000.0,2025-11-12,5,0,3,4,3,4,0
白云聚龙站,广州,白云区,一般区域,一般通达,900.0,1200.0,2025-11-12,4,2,16,0,0,0,0
番禺南庭路站,广州,番禺区,一般区域,高优通达,800.0,800.0,2025-11-12,0,1,9,2,2,0,0
海珠工业大道中站,广州,海珠区,一般区域,高优通达,1300.0,1350.0,2025-11-12,3,2,20,0,0,0,0
海珠南洲立交站,广州,海珠区,一般区域,一般通达,1000.0,1200.0,2025-11-12,1,5,2,4,2,0,0
海珠新滘东路站,广州,海珠区,一般区域,一般通达,960.0,1200.0,2025-11-12,4,0,7,0,0,0,0
白云广花一路站,广州,白云区,一般区域,高优通达,800.0,1000.0,2025-11-12,3,0,6,13,2,0,0
禅城季华二路站,佛山,禅城区,次级商圈,高优通达,650.0,650.0,2025-11-12,3,0,8,0,0,1,2
宝安福洲大道站,深圳,宝安区,一般区域,高优通达,800.0,900.0,2025-11-12,3,5,15,0,0,0,0
寮步寮城中路站,东莞,寮步镇,一般区域,高优通达,700.0,600.0,2025-11-12,0,4,12,0,0,3,0
高埗中心东路站,东莞,高埗镇,一般区域,高优通达,700.0,600.0,2025-11-12,0,5,8,0,0,0,0
惠阳东方新城站,惠州,惠阳区,一般区域,一般通达,500.0,550.0,2025-11-12,0,14,2,0,3,0,0
增城荔新大道站-MIIX,广州,增城区,一般区域,高优通达,735.2941176470588,750.0,2025-11-19,3,6,17,0,0,0,0
小榄民安南路站-二选一,中山,小榄镇,次级商圈,高优通达,650.0,650.0,2025-11-19,1,3,4,0,1,1,0
顺德岳步大道北站,佛山,顺德区,次级商圈,一般通达,700.0,700.0,2025-11-19,2,2,0,0,0,0,0
厚街康乐南路,东莞,厚街镇,次级商圈,高优通达,600.0,600.0,2025-11-19,2,3,9,0,3,0,0
横沥金马路站,东莞,横沥镇,一般区域,一般通达,600.0,600.0,2025-11-24,0,6,3,0,0,0,0
三乡沙坦路站,中山,三乡镇,次级商圈,高优通达,577.982,600.0,2025-11-24,0,7,8,0,0,0,0
小榄广源中路站,中山,小榄镇,次级商圈,高优通达,600.0,600.0,2025-11-24,0,7,5,0,1,0,0
禅城文华公园站,佛山,禅城区,核心商圈,高优通达,750.0,750.0,2025-11-24,5,6,20,0,0,0,0
荔湾水秀二路站,广州,荔湾区,一般区域,高优通达,615.3846153846154,800.0,2025-11-24,1,6,3,2,1,1,0
天河岑村丰庄大街站,广州,天河区,一般区域,一般通达,984.6153846153846,1300.0,2025-11-24,3,6,3,0,0,0,0
黄埔体育中心站,广州,黄埔区,一般区域,一般通达,676.9230769230769,900.0,2025-11-24,4,5,11,0,2,0,0
天河车陂路站,广州,天河区,次级商圈,高优通达,1230.7692307692307,1600.0,2025-11-24,5,1,20,0,0,0,0
广州塔站,广州,海珠区,核心商圈,高优通达,1169.2307692307693,1500.0,2025-11-24,5,0,22,0,1,0,0
白云松南路站,广州,白云区,一般区域,高优通达,861.5384615384615,1100.0,2025-11-24,7,4,15,0,0,0,0
海珠琶洲站,广州,海珠区,次级商圈,一般通达,984.6153846153846,1300.0,2025-11-24,3,5,9,18,2,0,0
南海永安北路站,佛山,南海区,一般区域,高优通达,650.0,650.0,2025-11-24,0,3,5,0,0,0,2
白云大源北路站,广州,白云区,一般区域,高优通达,800.0,800.0,2025-11-24,0,8,3,6,0,0,0
花都风神大道站-miix,广州,花都区,次级商圈,高优通达,846.1538461538462,750.0,2025-12-03,1,7,0,0,4,0,0
南山沙河东路站,深圳,南山区,次级商圈,高优通达,1500.0,1500.0,2025-12-03,0,0,14,0,0,0,0
花都空港大道站-miix,广州,花都区,一般区域,高优通达,1076.923076923077,1000.0,2025-12-17,0,3,1,6,3,0,0
三乡谷都大道站-miix,中山,三乡镇,一般区域,高优通达,676.9230769230769,650.0,2025-12-17,0,0,1,0,0,0,0
坪山秀新路站（Miix),深圳,坪山区,一般区域,一般通达,923.0769230769231,700.0,2025-12-17,3,8,14,6,1,1,0
香洲福石路站,珠海,香洲区,一般区域,高优通达,892.3076923076923,950.0,2026-01-07,1,0,19,0,0,0,0
南海桂龙路站,佛山,南海区,一般区域,高优通达,650.0,700.0,2026-01-07,0,0,14,4,1,1,0
南海官里路站-MIIX,佛山,南海区,一般区域,高优通达,692.3076923076923,700.0,2026-01-07,0,0,10,0,0,0,0
顺德环市南路站,佛山,顺德区,一般区域,一般通达,750.0,700.0,2026-01-07,3,0,5,0,0,0,0
宝安福园一路站-Mixx,深圳,宝安区,一般区域,一般通达,923.0769230769231,1000.0,2026-01-07,3,0,12,0,0,0,4
宝安福园一路站-Mixx,深圳,宝安区,一般区域,一般通达,923.0769230769231,1000.0,2026-01-07,3,0,12,5,2,0,0
龙华龙华大道站,深圳,龙华区,一般区域,一般通达,800.0,800.0,2026-01-07,3,7,10,0,0,0,0
龙岗清风路站-miix,深圳,龙岗区,一般区域,高优通达,923.0769230769231,1000.0,2026-01-07,2,4,1,0,0,0,0
大岭山华表街站-Miix,东莞,大岭山镇,一般区域,一般通达,646.1538461538462,610.0,2026-01-07,1,5,1,0,1,0,0
高埗三塘西路站-Miix,东莞,高埗镇,一般区域,高优通达,576.9230769230769,600.0,2026-01-07,0,4,0,0,0,0,0
南城乐园街站,东莞,南城街道,核心商圈,高优通达,630.0,750.0,2026-01-07,0,0,0,0,0,0,0
惠州仲恺大道站,惠州,惠城区,一般区域,高优通达,580.0,650.0,2026-01-07,1,9,9,0,0,0,0
南海里水大道站-MIIX,佛山,南海区,一般区域,高优通达,638.4615384615385,700.0,2026-01-13,0,9,5,19,1,1,0
南海博爱中路站-MIIX,佛山,南海区,一般区域,高优通达,769.2307692307693,700.0,2026-01-13,0,7,20,0,0,0,2
南海前进东路站-MIIX,佛山,南海区,一般区域,一般通达,769.2307692307693,700.0,2026-01-13,0,7,1,6,3,0,0
博罗商业东街站,惠州,博罗县,核心商圈,高优通达,500.0,500.0,2026-01-13,0,3,10,0,0,1,0
番禺万博海顺路站,广州,番禺区,核心商圈,高优通达,1000.0,1000.0,2026-01-20,0,1,20,4,0,0,0
金湾双湖北路站,珠海,金湾区,一般区域,高优通达,700.0,700.0,2026-01-20,0,6,8,0,0,1,3
宝安宝石路站,深圳,宝安区,一般区域,高优通达,900.0,1200.0,2026-01-20,3,4,5,12,0,0,0
惠城水口大道站,惠州,惠城区,一般区域,高优通达,600.0,600.0,2026-01-28,0,7,11,0,1,0,0
东坑百顺路站,东莞,东坑镇,一般区域,一般通达,600.0,600.0,2026-01-28,0,0,14,0,0,0,0
鹤山鹤山大道站,江门,鹤山市,一般区域,高优通达,500.0,500.0,2026-02-10,0,0,12,0,0,2,0
斗门金田二路站-miix,珠海,斗门区,一般区域,高优通达,692.3076923076923,750.0,2026-02-10,0,0,11,0,0,0,0
龙岗龙平路站,深圳,龙岗区,次级商圈,高优通达,950.0,1200.0,2026-02-10,0,0,20,0,0,2,0
光明朝凤路站站,深圳,光明区,一般区域,高优通达,850.0,1200.0,2026-02-10,5,0,5,0,0,0,0
塘厦塘兴大道站,东莞,塘厦镇,一般区域,一般通达,650.0,600.0,2026-02-10,0,0,15,0,3,1,0
江海东海路站,江门,江海区,核心商圈,高优通达,500.0,500.0,2026-02-27,1,5,11,0,0,0,0
大朗宏育东路站-Miix,东莞,大朗镇,一般区域,高优通达,538.4615384615385,600.0,2026-02-28,1,5,3,0,1,0,0
大朗宏育东路站-Miix,东莞,大朗镇,一般区域,高优通达,538.4615384615385,600.0,2026-02-28,1,5,3,0,0,0,0
增城石滩沙园路站-Miix,广州,增城区,一般区域,一般通达,700.0,650.0,2026-02-27,0,6,1,3,0,0,0
东凤东凤大道站-MIIX,中山,东凤镇,次级商圈,高优通达,538.4615384615385,550.0,2026-02-27,1,8,12,0,1,0,0
罗湖泥岗东路站,深圳,罗湖区,次级商圈,高优通达,1200.0,1200.0,2026-03-04,3,13,20,0,0,0,0
宝安福安路站-Miix,深圳,宝安区,一般区域,高优通达,830.7692307692307,900.0,2026-03-04,2,5,20,0,2,0,0
白云石湖村贝路站,广州,白云区,一般区域,高优通达,884.6153846153846,850.0,2026-03-04,1,4,9,0,0,0,0
蓬江篁庄大道站,江门,蓬江区,核心商圈,一般通达,576.9230769230769,600.0,2026-03-04,0,3,12,0,0,1,0
西区蓝波路站,中山,西区街道,一般区域,高优通达,550.0,650.0,2026-03-11,0,4,20,0,0,2,0
海珠广州大道南站-miix,广州,海珠区,一般区域,高优通达,1423.076923076923,1500.0,2026-03-11,5,5,20,0,0,0,0
广州南站二站,广州,番禺区,核心商圈,高优通达,900.0,1000.0,2026-03-11,1,8,1,0,2,2,0
禅城禅港西路站-miix,佛山,禅城区,一般区域,一般通达,615.3846153846154,650.0,2026-03-11,2,5,7,0,0,0,0
樟木头樟罗车站路站-专用站,东莞,樟木头镇,次级商圈,高优通达,647.0588235294117,600.0,2026-03-11,1,3,20,0,1,0,0
宝安象山大道站-专用,深圳,宝安区,一般区域,高优通达,769.2307692307693,800.0,2026-03-11,1,7,1,0,0,0,0
光明红花中路站-Miix,深圳,光明区,核心商圈,高优通达,884.6153846153846,850.0,2026-03-11,2,4,19,2,0,0,0
宝安钟屋站-Miix,深圳,宝安区,一般区域,一般通达,1153.8461538461538,1200.0,2026-03-11,5,2,12,0,0,0,0
龙华观光路二站-专用,深圳,龙华区,一般区域,高优通达,846.1538461538462,850.0,2026-03-11,1,5,15,2,0,0,0
惠城金府路站,惠州,惠城区,一般区域,高优通达,530.0,550.0,2026-03-11,0,12,5,0,0,0,0
惠城会展东街站,惠州,惠城区,核心商圈,高优通达,538.4615384615385,650.0,2026-03-11,1,3,20,0,3,0,0
新会市新会大道站-miix,江门,新会区,次级商圈,高优通达,538.4615384615385,550.0,2026-03-18,1,3,2,0,0,0,0
黄埔开创大道站-miix,广州,黄埔区,一般区域,高优通达,846.1538461538462,850.0,2026-03-18,1,4,7,5,0,0,0
珠海金湾机场站,珠海,金湾区,核心商圈,高优通达,650.0,700.0,2026-03-18,0,4,3,0,0,0,0
霞山海静路站,湛江,霞山区,次级商圈,高优通达,600.0,550.0,2026-03-18,0,0,10,0,1,0,0
霞山龙平南路站,湛江,霞山区,核心商圈,一般通达,600.0,550.0,2026-03-18,0,2,6,0,0,0,0
天河广汕二路站,广州,天河区,次级商圈,高优通达,900.0,900.0,2026-03-18,3,2,0,5,0,0,0
宝安洲石路站-Miix,深圳,宝安区,一般区域,高优通达,846.1538461538462,850.0,2026-03-18,2,3,15,0,0,1,4
桥头桥龙路站-Miix,东莞,桥头镇,一般区域,高优通达,723.0769230769231,600.0,2026-03-18,0,11,15,0,0,0,0
道滘振兴路站-专用站,东莞,道滘镇,核心商圈,高优通达,558.8235294117648,600.0,2026-03-18,2,4,10,0,1,1,0
麻涌兴华路站-专用站,东莞,麻涌镇,一般区域,高优通达,647.0588235294117,600.0,2026-03-18,0,0,0,0,0,0,0
龙岗凤安路站-Miix,深圳,龙岗区,一般区域,高优通达,884.6153846153846,1000.0,2026-03-25,4,0,20,0,1,2,0
虎门金捷路站-专用,东莞,虎门镇,一般区域,高优通达,723.0769230769231,650.0,2026-03-25,3,0,14,0,0,0,0
南海机场路站-miix,佛山,南海区,一般区域,一般通达,753.8461538461538,700.0,2026-03-25,2,0,8,0,2,0,0
蓬江江门大道中站-miix,江门,蓬江区,一般区域,高优通达,538.4615384615385,600.0,2026-03-25,0,0,0,0,0,0,0
花都空铁大道站-MIIX,广州,花都区,一般区域,高优通达,807.6923076923077,750.0,2026-03-25,4,0,1,0,3,0,0
白云广花一路二站,广州,白云区,一般区域,一般通达,769.2307692307693,800.0,2026-04-01,3,0,19,0,3,1,0
小榄东锐工业大道站,中山,小榄镇,一般区域,一般通达,576.9230769230769,500.0,2026-04-01,0,7,4,0,0,0,0
蓬江蓬莱路站-PRO,江门,蓬江区,核心商圈,一般通达,600.0,600.0,2026-04-01,0,5,22,0,2,3,0
增城汽车城大道站,广州,增城区,核心商圈,高优通达,653.8461538461538,600.0,2026-04-01,4,4,16,1,2,0,0
黄埔丰乐北路站-miix,广州,黄埔区,一般区域,高优通达,846.1538461538462,800.0,2026-04-01,2,8,1,0,0,0,0
宝安新桥中心路站-miix,深圳,宝安区,次级商圈,一般通达,923.0769230769231,1000.0,2026-04-01,0,0,0,0,0,0,0
惠城乌石中路站-pro,惠州,惠城区,一般区域,高优通达,569.2307692307693,600.0,2026-04-01,2,0,5,0,0,0,0
惠城叶挺大道站-miix,惠州,惠城区,一般区域,高优通达,615.3846153846154,550.0,2026-04-01,0,0,6,7,3,0,0
南海智新北路站,佛山,南海区,一般区域,一般通达,538.4615384615385,650.0,2026-04-08,0,0,6,0,3,0,2
小榄榄城路站,中山,小榄镇,次级商圈,一般通达,461.53846153846155,550.0,2026-04-08,0,0,3,0,0,0,0
沙溪新濠南路站-miix,中山,沙溪镇,一般区域,一般通达,500.0,500.0,2026-04-08,0,0,1,0,1,1,0
坡头龙王湾路站-pro专用,湛江,坡头区,核心商圈,高优通达,450.0,500.0,2026-04-08,0,0,3,0,0,0,0
白云神山商华路站,广州,白云区,一般区域,一般通达,600.0,800.0,2026-04-08,1,0,0,2,2,1,0
南沙英东大道站-miix专用,广州,南沙区,次级商圈,高优通达,700.0,750.0,2026-04-15,0,0,0,0,0,0,0
开平新美大道站-miix,江门,开平市,一般区域,高优通达,461.53846153846155,400.0,2026-04-15,0,0,0,0,0,0,0
开平杜澄大道站-miix,江门,开平市,次级商圈,高优通达,500.0,450.0,2026-04-15,0,2,6,0,0,0,0
蓬江建设路站-miix,江门,蓬江区,一般区域,高优通达,576.9230769230769,550.0,2026-04-15,0,0,3,0,0,0,0
禅城江湾二路站-pro,佛山,禅城区,郊区/偏远,高优通达,600.0,700.0,2026-04-15,5,5,13,0,2,2,0
龙岗新生路站-Miix,深圳,龙岗区,次级商圈,高优通达,800.0,1100.0,2026-04-15,3,17,17,0,0,0,0
清溪清凤路站-Miix,东莞,清溪镇,一般区域,一般通达,661.5384615384615,600.0,2026-04-15,0,9,10,0,0,0,0
大岭山百花洞站-专用,东莞,大岭山镇,一般区域,高优通达,538.4615384615385,600.0,2026-04-15,0,13,0,0,0,0,0
惠阳南湖北路一街站-Miix,惠州,惠阳区,次级商圈,高优通达,550.0,650.0,2026-04-15,0,5,16,0,0,0,0
龙湖泰山路站-miix,汕头,龙湖区,次级商圈,高优通达,500.0,500.0,2026-04-15,1,1,8,7,2,1,0
台山凤凰大道站,江门,台山市,核心商圈,高优通达,484.61538461538464,450.0,2026-04-22,0,3,12,0,0,0,0
端州棠岗路站-pro,肇庆,端州区,核心商圈,高优通达,550.0,550.0,2026-04-22,0,1,7,0,1,1,0
四会工业大街站-pro,肇庆,四会区,核心商圈,一般通达,500.0,500.0,2026-04-22,0,3,16,0,0,0,0
从化城鳌大道站,广州,从化区,一般区域,高优通达,600.0,600.0,2026-04-22,0,1,0,3,0,0,0
坪山龙田北路站-专用,深圳,坪山区,一般区域,高优通达,538.4615384615385,700.0,2026-04-22,0,11,2,0,0,1,0
龙岗凤凰大道站-Pro,深圳,龙岗区,核心商圈,高优通达,700.0,800.0,2026-04-22,3,7,15,0,0,0,0
惠城惠兴路站-Pro,惠州,惠城区,一般区域,高优通达,500.0,600.0,2026-04-22,0,2,14,0,2,2,0
番禺禺山西路站,广州,番禺区,一般区域,一般通达,692.3076923076923,750.0,2026-04-29,0,0,1,0,0,0,1
端州西江北路站-pro,肇庆,端州区,次级商圈,高优通达,600.0,550.0,2026-04-29,0,5,10,0,0,0,0
端州区端州一路站,肇庆,端州区,次级商圈,高优通达,566.6666666666666,530.0,2026-04-29,1,11,3,1,1,0,0
石岐民盈西路站,中山,石岐街道,郊区/偏远,高优通达,576.9230769230769,550.0,2026-04-29,1,7,4,0,0,0,0
大朗杨新路站-专用,东莞,大朗镇,一般区域,高优通达,666.6666666666666,600.0,2026-04-29,2,9,9,3,1,0,0
金平中山路站-Pro,汕头,金平区,核心商圈,高优通达,541.6666666666666,500.0,2026-04-29,0,2,5,0,0,0,0
东城大塘头站-Miix,东莞,东城街道,次级商圈,高优通达,576.9230769230769,700.0,2026-04-29,2,3,20,0,0,0,0
寮步上屯聚园一路站-Pro,东莞,寮步,一般区域,高优通达,600.0,600.0,2026-04-29,0,6,4,0,0,0,0
惠阳站前西路站-Pro,惠州,惠阳区,核心商圈,一般通达,500.0,600.0,2026-04-29,0,5,20,2,0,0,0
东城水濂景观路站-专用,东莞,东城街道,一般区域,高优通达,600.0,600.0,2026-04-29,0,7,1,0,0,0,0
龙岗同心路站-Miix,深圳,龙岗区,一般区域,一般通达,1038.4615384615386,800.0,2026-04-29,2,9,3,0,0,0,0
新会冈州大道东站,江门,新会区,次级商圈,高优通达,506.6666666666667,550.0,2026-05-08,0,5,0,0,0,0,0
三角高平大道站,中山,三角镇,一般区域,高优通达,486.6666666666667,480.0,2026-05-08,0,6,2,3,0,0,0
番禺展贸东路站,广州,番禺区,一般区域,高优通达,746.1538461538462,600.0,2026-05-08,1,8,2,0,0,0,0
南山月亮湾大道站-Pro,深圳,南山区,一般区域,高优通达,1166.6,1500.0,2026-05-08,5,0,4,6,0,0,0
惠阳白云六路站-专用站,惠州,惠阳区,一般区域,高优通达,538.4615384615385,550.0,2026-05-08,0,7,2,0,1,1,0
惠阳仲恺环侨路站-专用站,惠州,惠城区,一般区域,高优通达,500.0,500.0,2026-05-08,0,11,3,0,0,0,0
惠城演达大道站-Miix,惠州,惠城区,一般区域,高优通达,458.8235294117647,500.0,2026-05-08,0,5,4,7,2,0,0
番禺番禺大道北二站,广州,番禺区,次级商圈,高优通达,800.0,950.0,2026-05-13,0,3,8,0,0,0,0
从化广从南路站,广州,从化区,一般区域,一般通达,533.3333333333334,500.0,2026-05-13,1,2,2,6,0,0,0
新会五邑路站,江门,新会区,一般区域,高优通达,533.3333333333334,480.0,2026-05-13,1,4,3,0,0,0,0
珠海日月贝站-Pro,珠海,香洲区,次级商圈,一般通达,750.0,900.0,2026-05-13,0,0,19,0,0,0,0
横栏庆丰路站,中山,横栏镇,一般区域,高优通达,500.0,500.0,2026-05-13,0,1,7,0,0,0,0
顺德伟业大道站,佛山,顺德区,一般区域,高优通达,647.0588235294117,600.0,2026-05-13,0,2,0,7,0,0,0
古镇古神公路站,中山,古镇镇,一般区域,一般通达,515.3846153846154,500.0,2026-05-13,0,3,3,0,0,0,0
宝安松安路站-专用,深圳,宝安区,郊区/偏远,高优通达,700.0,800.0,2026-05-13,3,6,2,1,0,0,0
龙华清吉路站-Miix,深圳,龙华区,一般区域,高优通达,923.0769230769231,1000.0,2026-05-13,6,0,14,0,0,1,0
龙岗环坪路站-专用,深圳,龙岗区,一般区域,高优通达,753.8461538461538,850.0,2026-05-13,4,0,4,0,0,0,0
南山百旺站-Miix,深圳,南山区,一般区域,高优通达,846.1538461538462,900.0,2026-05-13,2,0,3,0,0,0,4
桥头桥东路站-专用,东莞,桥头镇,一般区域,高优通达,476.9230769230769,600.0,2026-05-13,0,0,2,0,0,0,0
榕城仁义路站-Pro,揭阳,榕城区,次级商圈,高优通达,600.0,400.0,2026-05-13,0,0,9,0,3,5,0
宝安航城大道,深圳,宝安区,一般区域,高优通达,1300.0,1200.0,2025-01-22,5,9,16,0,0,0,0
宝安流塘公园,深圳,宝安区,一般区域,一般通达,1020.0,1200.0,2025-02-26,2,5,20,3,2,2,0
宝安运华时代,深圳,宝安区,一般区域,一般通达,840.0,1000.0,2025-03-12,3,6,17,0,0,0,4
宝安松岗汽车站,深圳,宝安区,一般区域,一般通达,430.7692307692308,800.0,2025-03-12,0,13,13,0,0,0,0
龙岗大运中心,深圳,龙岗区,次级商圈,高优通达,910.0,1000.0,2025-03-19,2,3,8,0,0,0,0
广州白云机场,广州,白云区,一般区域,高优通达,900.0,1000.0,2025-02-26,0,0,0,0,0,0,0
怡乐花园,佛山,南海区,一般区域,高优通达,700.0,600.0,2024-12-17,0,0,0,0,0,0,0
岭南明珠体育馆,佛山,禅城区,一般区域,一般通达,807.6923076923077,750.0,2024-12-29,4,4,20,0,1,0,0
顺德天宁路站,佛山,顺德区,一般区域,一般通达,1300.0,750.0,2025-02-18,3,5,13,0,0,0,0
厚街家具大道,东莞,厚街镇,一般区域,高优通达,538.4615384615385,600.0,2025-02-26,2,13,13,0,2,0,0
横沥中山中路,东莞,横沥镇,一般区域,一般通达,615.3846153846154,650.0,2025-03-19,0,5,9,0,0,0,0
香洲金鸡路站,珠海,香洲区,一般区域,高优通达,950.0,950.0,2025-02-18,1,5,3,5,0,0,0
金湾金海岸大道站,珠海,金湾区,一般区域,一般通达,735.0,700.0,2025-03-19,0,9,2,0,0,0,3
龙岗南联路,深圳,龙岗区,核心商圈,高优通达,1061.5384615384614,1200.0,2025-04-09,3,0,3,0,0,0,0
番禺会江站,广州,白云区,一般区域,一般通达,750.0,800.0,2025-04-09,1,0,3,6,4,2,0
白云东平站,广州,白云区,一般区域,高优通达,700.0,800.0,2025-04-09,1,0,9,0,0,0,0
增城汇太中路站（亚太新城）,广州,增城区,核心商圈,高优通达,378.0,600.0,2025-04-27,4,0,20,0,2,0,0
花都建设北路（广汽4s店）,广州,花都区,一般区域,高优通达,540.0,600.0,2025-04-27,0,0,3,0,0,0,4
番禺广州南站东停车场站,广州,番禺区,核心商圈,一般通达,900.0,1000.0,2025-04-27,1,0,1,6,2,0,0
顺德立交站（佛山轻卡）,佛山,顺德区,一般区域,一般通达,784.2941176470588,600.0,2025-04-27,3,0,1,1,0,0,0
寮步良平路站,东莞,寮步镇,一般区域,高优通达,550.0,600.0,2025-04-27,0,0,8,0,0,0,0
龙岗国际大道站（平湖华南城）,深圳,龙岗区,核心商圈,高优通达,960.0,800.0,2025-04-27,3,0,20,5,3,0,0
龙岗龙东站(中海新都荟营销中心),深圳,龙岗区,核心商圈,一般通达,846.1538461538462,800.0,2025-04-27,2,3,2,0,0,0,0
龙岗龙岗大道站（2013时尚广场）,深圳,龙岗区,一般区域,一般通达,923.0769230769231,1000.0,2025-04-27,3,5,20,3,1,0,0
"宝安安全路站
松宝大家具(福永店）",深圳,宝安区,一般区域,一般通达,1153.8461538461538,1200.0,2025-05-12,0,4,11,0,0,0,4
深圳光明科能路站,深圳,光明区,一般区域,高优通达,1000.0,1200.0,2025-05-12,3,2,10,3,1,0,0
海珠赤岗塔站,广州,海珠区,次级商圈,高优通达,1500.0,1800.0,2025-05-13,5,0,23,0,0,0,0
禅城澜石站（世纪德远车mall方）,佛山,禅城区,一般区域,高优通达,680.0,650.0,2025-05-13,5,2,18,0,0,0,0
香洲湾仔口岸站,珠海,香洲区,次级商圈,一般通达,700.0,800.0,2025-05-13,2,6,2,0,6,0,0
宝安新桥体育中心,深圳,宝安区,核心商圈,一般通达,900.0,1000.0,2025-05-21,2,1,8,0,0,0,0
"宝安创业二路站
（松岗江边停车场）",深圳,宝安区,一般区域,一般通达,960.0,900.0,2026-04-29,3,12,2,1,1,0,0
高明客运站站,佛山,高明区,一般区域,高优通达,575.0,600.0,2025-05-21,0,1,5,0,0,0,0
百德广场,佛山,南海区,次级商圈,一般通达,700.0,700.0,2025-03-26,1,6,20,11,1,0,0
白云大源中路站,广州,白云区,一般区域,一般通达,800.0,1000.0,2025-06-14,1,9,12,0,1,0,2
石碣崇焕东路站(东协广场),东莞,石碣镇,一般区域,一般通达,550.0,600.0,2025-06-14,0,4,16,0,0,0,0
南山龙珠大道站（南山闪电充新能源龙珠站）,深圳,南山区,一般区域,高优通达,1500.0,1500.0,2025-06-25,6,4,10,0,2,0,0
宝安衡山路站（聚众停车场，二选一）,深圳,宝安区,一般区域,一般通达,900.0,1000.0,2025-06-25,1,8,16,0,0,0,4
横沥新城路站（快捷驾校）,东莞,横沥镇,一般区域,一般通达,600.0,650.0,2025-06-25,0,0,12,0,0,0,0
黄埔瑞和路站（百富广场）,广州,黄埔区,次级商圈,高优通达,761.5384615384615,800.0,2025-06-25,1,0,7,0,0,0,0
花都莲塘站（星旺广场）,广州,花都区,次级商圈,高优通达,615.3846153846154,700.0,2025-06-25,3,3,17,0,0,0,0
佛山西站站-佛山西站P3(直对西站)(较稳定6-27),佛山,南海区,次级商圈,高优通达,750.0,750.0,2025-06-25,4,4,4,0,0,0,2
顺德龙江龙州公路站（九江艺龙电器),佛山,顺德区,一般区域,一般通达,615.3846153846154,600.0,2025-06-25,0,3,17,0,0,0,0
天河燕岭路北站(【公交专项】公交新能源 燕岭项目),广州,天河区,一般区域,一般通达,700.0,1000.0,2025-06-25,5,5,15,0,0,0,0
番禺厦滘,广州,番禺区,一般区域,一般通达,1115.3846153846155,1000.0,2025-01-22,2,1,14,6,2,0,0
南山深南大道,深圳,南山区,一般区域,一般通达,1224.0,1500.0,2025-04-09,4,3,16,0,0,1,0
顺德佛陈路站（特来电北部汽车城）,佛山,顺德区,一般区域,高优通达,810.0,750.0,2025-04-27,4,5,5,3,0,0,0
鄱阳城充电站-禅城绿景东路站,佛山,禅城区,次级商圈,高优通达,692.3076923076923,650.0,2025-07-16,4,0,16,0,1,0,2
龙华华繁路站（南江工业区）,深圳,龙华区,一般区域,一般通达,900.0,900.0,2025-07-16,0,6,6,0,0,0,0
寮步枫兴路站,东莞,寮步镇,一般区域,一般通达,653.8461538461538,600.0,2025-07-16,0,10,20,0,2,1,0
坪山坪山中心公园站（壳牌充电坪山中心公园东）,深圳,坪山区,核心商圈,高优通达,700.0,800.0,2025-07-26,5,5,8,0,0,0,0
塘厦鹿乙路站（东莞市时瑞电子有限公司）,东莞,塘厦镇,一般区域,高优通达,650.0,700.0,2025-07-26,0,10,3,6,1,0,0
三水映丰路站-三水明溢星星充电站,佛山,三水区,一般区域,高优通达,600.0,600.0,2025-07-30,1,2,4,0,0,0,0
南海清风路站-佛山市生利土石方工程有限公司,佛山,南海区,一般区域,一般通达,730.0,750.0,2025-07-30,3,2,10,9,0,0,0
南海工业大道站-潘村工业园区,佛山,南海区,一般区域,高优通达,730.0,750.0,2025-07-30,0,8,2,0,0,0,0
石排龙腾路站,东莞,石排镇,一般区域,一般通达,565.3846153846154,600.0,2025-05-21,0,0,3,0,1,0,0
"宝安自由路站
（宝晖酒店）",深圳,宝安区,一般区域,高优通达,1265.0,1200.0,2025-07-30,3,2,20,0,0,2,4
南海中央大街站-京华广场,佛山,南海区,一般区域,一般通达,750.0,750.0,2025-08-13,4,2,20,1,0,0,0
金湾珠海大道站-世圆智能物流园,珠海,金湾区,一般区域,高优通达,700.0,700.0,2025-08-13,0,6,7,4,0,0,0
常平常平公园路站,东莞,常平镇,核心商圈,一般通达,700.0,600.0,2025-08-13,2,8,20,0,0,0,0
广州南站韦涌站,广州,番禺区,核心商圈,一般通达,1100.0,1000.0,2024-12-29,1,1,6,6,4,1,0
"虎门连升中路站
（不夜天停车场）",东莞,虎门镇,一般区域,高优通达,700.0,700.0,2025-08-22,2,4,20,3,1,0,0
南海联和站-佛山南海汇车港车城,佛山,南海区,一般区域,高优通达,700.0,600.0,2025-08-20,2,5,14,1,2,0,2
"厚街岳范山大道站
（宾府国宴）",东莞,厚街镇,核心商圈,高优通达,592.8015384615385,800.0,2025-08-27,2,0,21,0,1,0,0
寮步凫西路站,东莞,寮步镇,一般区域,一般通达,600.0,600.0,2025-08-27,0,0,20,0,2,1,0
禅城聚锦路站,佛山,禅城区,一般区域,高优通达,700.0,650.0,2025-08-27,0,0,8,0,2,1,2
东升葵兴大道站,中山,小榄镇,一般区域,高优通达,550.0,550.0,2025-08-27,0,0,8,0,0,0,0
"坪山金碧路站（Miix）
（二选一）",深圳,坪山区,一般区域,高优通达,692.3076923076923,750.0,2025-09-03,6,5,9,0,1,0,0
南海佛山一环路站,佛山,南海区,一般区域,一般通达,750.0,700.0,2025-09-03,0,9,12,0,0,0,0
花都站前路站,广州,花都区,核心商圈,一般通达,680.0,800.0,2025-09-03,1,4,16,4,4,1,0
长安兴一路站,东莞,长安镇,一般区域,一般通达,750.0,800.0,2025-09-03,0,6,16,0,0,1,0
顺德龙江龙华路站,佛山,顺德区,一般区域,一般通达,650.0,600.0,2025-09-10,0,7,20,0,0,0,0
龙华五和大道站（二选一）,深圳,龙华区,一般区域,高优通达,692.3076923076923,1000.0,2025-09-17,3,4,4,0,0,0,0
"龙华观盛四路站
（高尖科技园）",深圳,龙华区,一般区域,一般通达,884.6153846153846,1000.0,2025-09-17,3,6,4,3,0,0,0
白云朝阳朝丰路站-MIIX,广州,白云区,一般区域,一般通达,1200.0,1000.0,2025-09-17,0,2,2,0,0,0,0
沙溪利港路站-中山大港商务大厦对面地块,中山,沙溪镇,一般区域,一般通达,446.15384615384613,550.0,2025-09-17,0,1,12,0,0,0,0
龙岗杨田路站（深巴）,深圳,龙岗区,一般区域,高优通达,1500.0,1200.0,2025-09-17,3,8,17,0,1,1,0
长安新安横中路站,东莞,长安镇,一般区域,一般通达,800.0,800.0,2025-09-17,0,9,20,0,0,0,0
南海大沥客运站站-2,佛山,南海区,一般区域,高优通达,576.9230769230769,750.0,2025-09-24,0,0,11,6,1,1,0
坪山龙坪路站,深圳,坪山区,一般区域,高优通达,700.0,800.0,2025-09-24,5,0,9,0,0,0,0
宝安石岩北环路站,深圳,宝安区,次级商圈,一般通达,800.0,800.0,2025-10-09,3,0,14,9,0,1,0
南山怡海大道站,深圳,南山区,一般区域,高优通达,900.0,1500.0,2025-10-09,7,3,1,0,0,0,0
寮步环城东路站,东莞,寮步镇,一般区域,高优通达,630.0,650.0,2025-10-13,0,3,17,5,0,0,0
东区永安一路站,中山,东区街道,一般区域,高优通达,600.0,600.0,2025-10-23,0,4,19,0,1,1,0
小榄同乐大街一路站,中山,小榄镇,一般区域,高优通达,600.0,550.0,2025-10-23,0,4,5,0,0,0,0
厚街南五桥新街站-二选一,东莞,厚街镇,一般区域,高优通达,600.0,600.0,2025-10-22,1,2,7,0,3,0,0
海珠琶洲站-广州国际采购中心,广州,海珠区,次级商圈,一般通达,1300.0,1300.0,2025-10-22,2,2,7,0,0,0,0
沙田港口大道站-二选一,东莞,沙田镇,次级商圈,高优通达,600.0,600.0,2025-10-29,1,1,7,1,2,0,0
宝安创业一路站,深圳,宝安区,一般区域,高优通达,1200.0,1200.0,2025-10-29,5,3,20,0,0,0,4
南海海北大道站,佛山,南海区,一般区域,一般通达,700.0,650.0,2025-10-29,1,1,20,8,1,0,0
龙岗龙飞大道站,深圳,龙岗区,一般区域,高优通达,850.0,900.0,2025-10-29,3,6,15,0,0,0,0
白云嘉禾望岗站,广州,白云区,一般区域,高优通达,850.0,1000.0,2025-10-29,3,6,20,16,0,0,0
清溪鹿城东路站,东莞,清溪镇,一般区域,高优通达,600.0,600.0,2025-10-29,0,0,9,0,0,0,0
凤岗凤深大道站,东莞,凤岗镇,一般区域,高优通达,630.0,600.0,2025-11-05,0,0,6,0,0,0,0
东城莞龙路站,东莞,东城区,一般区域,高优通达,610.0,700.0,2025-11-05,0,0,0,0,0,0,0
白云白云大道北二站,广州,白云区,一般区域,高优通达,600.0,1000.0,2025-10-30,2,0,18,13,0,0,0
顺德佛山公园站,佛山,顺德区,次级商圈,一般通达,750.0,750.0,2025-11-12,3,2,8,0,0,0,0
小榄裕民大道站-二选一,中山,小榄镇,一般区域,高优通达,650.0,550.0,2025-11-01,1,5,5,0,2,0,0
沙溪新濠南路站,中山,沙溪镇,一般区域,一般通达,600.0,500.0,2025-11-19,0,5,1,0,0,1,0
清溪大利利中路站,东莞,清溪镇,一般区域,高优通达,700.0,600.0,2025-11-03,0,13,7,0,0,0,0
东城龙石路站,东莞,东城区,一般区域,高优通达,610.0,700.0,2025-11-24,2,3,3,3,0,2,0
企石东升路站,东莞,企石镇,核心商圈,一般通达,620.0,600.0,2025-11-24,0,4,4,0,0,0,0
中堂振兴路站,东莞,中堂镇,一般区域,高优通达,570.0,600.0,2025-11-24,0,9,12,0,1,0,0
厚街白濠联兴街站,东莞,厚街镇,一般区域,一般通达,570.0,600.0,2025-11-24,0,0,0,0,0,0,0
龙岗腾飞路站,深圳,龙岗区,次级商圈,高优通达,900.0,900.0,2025-11-08,3,1,7,3,1,0,0
龙华观盛二路站,深圳,龙华区,一般区域,一般通达,820.0,1000.0,2025-11-24,3,10,13,0,0,0,0
宝安宝石西路站,深圳,宝安区,一般区域,高优通达,900.0,800.0,2025-11-24,2,7,12,1,0,0,0
龙岗五和大道站,深圳,龙岗区,次级商圈,高优通达,1200.0,1100.0,2025-11-10,0,5,20,0,0,0,0
厚街莞太路站-旧,东莞,厚街镇,次级商圈,高优通达,650.0,650.0,2025-11-24,2,2,14,0,0,0,0
惠城皇冠路站,惠州,惠城区,次级商圈,高优通达,500.0,650.0,2025-11-24,0,0,9,0,1,0,0
惠城东升路站,惠州,惠城区,一般区域,高优通达,500.0,550.0,2025-11-24,0,0,2,0,0,0,0
增城新塘牛仔城三路,广州,增城区,一般区域,高优通达,692.3076923076923,650.0,2025-11-24,0,0,18,0,2,0,0
南头东福南路站,中山,南头镇,一般区域,一般通达,461.53846153846155,550.0,2025-12-03,1,14,8,0,0,0,0
白云白云湖乐园站,广州,白云区,一般区域,一般通达,800.0,850.0,2025-12-03,2,8,7,17,3,1,0
龙岗平湖大街站,深圳,龙岗区,一般区域,一般通达,615.3846153846154,800.0,2025-12-03,0,8,14,0,3,0,0
凤岗碧湖路站,东莞,凤岗镇,一般区域,一般通达,335.29411764705884,600.0,2025-12-03,0,6,3,0,0,0,0
罗湖和平路站,深圳,罗湖区,次级商圈,一般通达,2200.0,1500.0,2025-12-17,5,1,20,0,1,1,0
龙岗白李路站（Miix),深圳,龙岗区,一般区域,一般通达,1000.0,950.0,2025-11-20,3,4,0,0,0,0,0
龙岗红棉路站 （Miix),深圳,龙岗区,次级商圈,一般通达,1800.0,950.0,2025-12-17,4,7,7,11,1,1,0
南海九江大道站-miix专用,佛山,顺德区,一般区域,高优通达,647.0588235294117,750.0,2025-12-17,0,1,5,0,0,0,0
南海九江大道站-轻卡专用,佛山,南海区,一般区域,高优通达,1050.0,750.0,2025-12-17,0,6,7,3,0,1,0
龙华大和路站,深圳,龙华区,一般区域,高优通达,1000.0,1200.0,2026-01-07,0,2,12,0,0,0,0
企石振华西二横街站,东莞,企石镇,一般区域,高优通达,400.0,600.0,2026-01-07,0,10,1,0,0,0,0
龙岗丹平公路站(Miix),深圳,龙岗区,一般区域,高优通达,705.8823529411765,900.0,2026-01-07,0,0,1,0,0,0,0
白云朝阳田心路站-MIIX,广州,白云区,一般区域,高优通达,861.5384615384615,1000.0,2026-01-07,3,1,3,13,2,0,0
沙溪博爱一路站,中山,沙溪镇,一般区域,高优通达,550.0,550.0,2026-01-07,0,0,1,0,0,0,0
宝安新和三区站,深圳,宝安区,核心商圈,一般通达,1200.0,900.0,2026-01-07,4,11,8,0,3,0,0
龙岗鹅溪湖田路站Miix,深圳,龙岗区,一般区域,一般通达,907.6923076923077,900.0,2026-01-13,0,0,8,0,0,0,0
凤岗体育馆站,东莞,凤岗镇,一般区域,一般通达,600.0,600.0,2026-01-13,0,0,10,3,0,0,0
龙岗坪地龙岗大道站,深圳,龙岗区,一般区域,高优通达,900.0,850.0,2026-01-20,5,0,11,0,0,0,0
鹤山中东西大道站,江门,鹤山市,一般区域,一般通达,500.0,500.0,2026-02-10,0,0,10,0,0,0,0
蓬江胜利北路站,江门,蓬江区,核心商圈,高优通达,600.0,600.0,2026-02-10,0,0,4,0,0,3,0
顺德佛陈路站-miix,佛山,顺德区,一般区域,高优通达,658.8235294117648,750.0,2026-02-10,0,0,0,0,0,0,0
蓬江沙富里站,江门,蓬江区,一般区域,高优通达,550.0,550.0,2026-02-10,0,0,2,4,2,4,0
顺德佛陈路站-miix,佛山,顺德区,一般区域,高优通达,658.8235294117648,750.0,2026-02-10,0,0,0,0,0,0,0
大岭山大塘路站-Miix,东莞,大岭山镇,一般区域,高优通达,630.7692307692307,750.0,2026-03-04,0,4,4,5,0,0,0
花都荔枝基路站（旧）,广州,花都区,核心商圈,高优通达,800.0,800.0,2026-03-11,4,5,20,0,0,0,4
茶山吉兴路站,东莞,茶山镇,核心商圈,一般通达,550.0,600.0,2026-03-18,0,0,2,4,0,0,0
三角爱国工业路站-miix,中山,三角镇,一般区域,高优通达,576.9230769230769,500.0,2026-03-18,0,0,6,0,0,0,2
沙田进港北路站-专用站,东莞,沙田镇,一般区域,高优通达,561.5384615384615,600.0,2026-03-25,0,0,5,0,0,0,0
清溪清塘路站,东莞,清溪镇,一般区域,高优通达,561.5384615384615,600.0,2026-03-25,0,0,2,0,3,0,0
龙华环观南路站-专用站,深圳,龙华区,一般区域,高优通达,846.1538461538462,800.0,2026-03-25,0,0,4,0,0,0,0
惠城新沥路站-miix,惠州,惠城区,次级商圈,一般通达,615.3846153846154,650.0,2026-04-01,1,0,16,0,5,0,0
东城银竹路站-Miix,东莞,东城街道,一般区域,一般通达,769.2307692307693,700.0,2026-04-08,2,0,8,0,0,0,0
宝安松福大道站-专用站,深圳,宝安区,一般区域,高优通达,730.7692307692307,800.0,2026-04-08,2,0,4,0,0,0,0
三角高平大道站-miix专用,中山,三角镇,一般区域,高优通达,461.53846153846155,480.0,2026-04-15,0,0,1,0,0,0,0
惠城下角中路站-Pro,惠州,惠城区,次级商圈,一般通达,576.9230769230769,600.0,2026-04-15,0,0,3,0,4,0,0
潮州火车站站-Pro,潮州,潮安区,次级商圈,高优通达,400.0,450.0,2026-04-15,0,0,0,0,0,0,0
白云鹤龙二路站-嘉禾商业广场-,广州,白云区,一般区域,一般通达,1690.0,1500.0,暂缓,0,0,20,18,1,1,0
宝安大宝路站,深圳,宝安区,一般区域,高优通达,1300.0,1200.0,暂缓,4,0,16,0,0,2,4
南城塘贝三路站,东莞,南城街道,核心商圈,一般通达,700.0,650.0,暂缓,4,0,20,0,0,0,0
塘厦新阳路站,东莞,塘厦镇,一般区域,一般通达,570.0,650.0,暂缓,0,3,9,0,0,0,0
"龙华民清路站
(1980科技文化产业园）",深圳,龙华区,一般区域,一般通达,1300.0,900.0,暂缓,10,3,21,5,0,0,0
宝安广深公路站（Miix）,深圳,宝安区,一般区域,一般通达,923.0769230769231,1200.0,2025/9/5 暂,2,3,1,0,1,0,0
福田福虹路站（深巴）,深圳,福田区,一般区域,高优通达,1300.0,1700.0,暂缓,3,2,20,0,0,0,0
南海竹基南路站,佛山,南海区,一般区域,一般通达,576.9230769230769,750.0,暂缓,0,5,20,0,1,1,2
龙岗富民路站,深圳,龙岗区,一般区域,一般通达,615.3846153846154,1000.0,暂缓,0,8,5,0,0,0,0
凤岗浸校塘环村路站（Miix）（二选一）,东莞,凤岗镇,一般区域,高优通达,769.2307692307693,600.0,暂缓,0,6,2,4,0,0,0
龙华俊龙路站（Miix）,深圳,龙华区,一般区域,一般通达,2307.6923076923076,1200.0,暂缓,0,0,3,0,0,0,0
龙华俊龙路站（Pro）,深圳,龙华区,一般区域,一般通达,1400.0,900.0,暂缓,0,0,3,9,1,0,0
龙华松元厦站（与观光路二选一）,深圳,龙华区,一般区域,高优通达,800.0,800.0,暂缓,0,0,7,0,0,0,0
大朗富农街站,东莞,大朗镇,一般区域,高优通达,784.6153846153846,600.0,暂缓,2,12,15,0,1,0,0
惠阳龙海一路站,惠州,惠阳区,一般区域,高优通达,615.3846153846154,650.0,暂缓,0,6,7,0,0,0,0
惠城金榜路站,惠州,惠城区,一般区域,高优通达,500.0,650.0,暂缓,1,7,3,4,4,0,0
宝安锦程路站-Miix,深圳,宝安区,一般区域,一般通达,884.6153846153846,800.0,暂缓,0,5,10,0,0,0,4
福田八卦岭站-Miix,深圳,福田区,一般区域,高优通达,1230.7692307692307,1500.0,暂缓,3,0,20,6,0,0,0
福田八卦岭站-Miix,深圳,福田区,一般区域,高优通达,1230.7692307692307,1500.0,暂缓,3,0,20,0,0,2,0
宝安松白路站-pro,深圳,宝安区,一般区域,一般通达,850.0,850.0,暂缓,2,5,12,0,0,0,0
白云区塘贝西环路站,广州,白云区,一般区域,一般通达,769.2307692307693,800.0,2026-05-20,2,0,1,4,2,0,0
白云鹤龙五路站,广州,白云区,一般区域,一般通达,900.0,800.0,2026-05-20,0,0,0,0,0,0,0
端州西江大桥站-PRO,肇庆,端州区,一般区域,高优通达,550.0,500.0,2026-05-20,0,0,0,0,2,0,0
高明文竹路站,佛山,高明区,一般区域,高优通达,576.9230769230769,600.0,2026-05-20,0,0,0,0,0,1,0
鼎湖东进大道站,肇庆,鼎湖区,核心商圈,高优通达,533.3333333333334,500.0,2026-05-20,1,1,0,0,0,0,0
东升东港大道站,中山,小榄镇,核心商圈,高优通达,566.6666666666666,550.0,2026-05-20,0,11,9,0,2,1,0
顺德仙桥路站,佛山,顺德区,一般区域,高优通达,566.6666666666666,600.0,2026-05-20,2,0,0,0,0,0,0
香洲港湾大道站,珠海,香洲区,一般区域,高优通达,750.0,750.0,2026-05-20,1,0,1,0,3,0,0
香洲宝盛路站,珠海,珠海市,一般区域,一般通达,733.3333333333334,750.0,2026-05-20,1,2,0,0,0,0,0
坦洲嘉联路站,中山,坦洲镇,一般区域,一般通达,600.0,650.0,2026-05-20,0,3,12,3,0,1,0
罗湖罗沙路站-Pro,深圳,罗湖区,一般区域,高优通达,1083.3333333333333,1200.0,2026-05-20,3,0,5,0,0,0,0
南山海湾路站-专用,深圳,南山区,一般区域,高优通达,900.0,1500.0,2026-05-20,4,0,4,0,0,0,0
南山丽康路站-Miix,深圳,南山区,一般区域,高优通达,1000.0,900.0,2026-05-20,1,0,11,0,0,0,3
坪山秀沙路站（二选一）-专用,深圳,坪山区,一般区域,高优通达,653.3333333333334,680.0,2026-05-20,1,0,0,0,1,0,0
大岭山横镇西路站-专用,东莞,大岭山镇,一般区域,一般通达,631.578947368421,600.0,2026-05-20,2,0,0,0,0,0,0
企石环企大道站,东莞,企石镇,一般区域,高优通达,461.53846153846155,600.0,2026-05-20,0,1,2,0,0,0,0
惠阳承修四路站-Miix,惠州,惠阳区,次级商圈,一般通达,550.0,650.0,2026-05-20,0,0,20,0,1,0,0
惠阳龙盛一路站（二选一）-Miix,惠州,惠阳区,一般区域,高优通达,533.3333333333334,550.0,2026-05-20,0,0,7,0,0,0,0
金平潮汕路站-Miix,汕头,金平区,一般区域,高优通达,541.1764705882352,450.0,2026-05-20,0,0,0,0,0,1,0
黄埔区黄埔东路站,广州,黄埔区,一般区域,一般通达,866.6666666666666,800.0,2026-05-27,3,0,0,0,0,0,0
增城陈家林路站,广州,增城区,一般区域,高优通达,692.3076923076923,700.0,2026-05-27,0,0,5,0,1,0,0
花都狮岭宝峰北路站,广州,花都区,一般区域,一般通达,640.0,650.0,2026-05-27,0,0,17,0,0,0,0
宝安蚝丰二路站-专用,深圳,宝安区,一般区域,一般通达,800.0,1000.0,2026-05-27,0,0,10,1,2,0,0
龙岗平朗路站-专用,深圳,龙岗区,一般区域,高优通达,786.6666666666666,800.0,暂缓 2026-05,4,0,2,0,0,0,0
龙岗红棉路站-Miix,深圳,龙岗区,一般区域,一般通达,800.0,950.0,暂缓 2026-05,3,0,7,7,3,0,0
"揭阳机场站
-Miix",揭阳,榕城区,一般区域,高优通达,441.1764705882353,450.0,2026-05-27,1,0,2,0,0,1,2
宝安南岭路站-Miix,深圳,宝安区,一般区域,高优通达,766.6666666666666,1000.0,2026-06-03,0,0,13,7,0,0,0
龙岗盛宝路站-专用,深圳,龙岗区,一般区域,一般通达,773.3333333333334,950.0,2026-06-03,3,0,3,0,2,1,0
宝安阳台山路站-专用,深圳,宝安区,一般区域,高优通达,733.3333333333334,800.0,2026-06-03,3,0,20,0,0,0,0
沙田进港南路站-专用,东莞,沙田镇,一般区域,一般通达,566.6666666666666,600.0,2026-06-03,0,0,5,3,1,0,0
黄江江海路站,东莞,黄江镇,一般区域,一般通达,566.6666666666666,600.0,2026-06-03,0,0,12,0,0,0,0
长安靖海西路站-专用,东莞,长安镇,一般区域,高优通达,693.3333333333334,750.0,2026-06-03,1,0,19,0,2,0,0
望牛墩南昌北路站-专用,东莞,望牛墩镇,一般区域,高优通达,466.6666666666667,600.0,2026-06-03,0,0,1,0,0,0,0
博罗建设路站-Pro,惠州,博罗县,一般区域,高优通达,500.0,500.0,2026-06-03,0,0,10,3,0,0,0
顺德林上路站,佛山,顺德区,一般区域,高优通达,666.6666666666666,650.0,2026-06-03,3,0,1,0,2,0,0
天河大观中路站,广州,天河区,一般区域,高优通达,1000.0,1200.0,2026-06-03,2,0,1,0,0,0,0
蓬江杜阮南路站,江门,蓬江区,一般区域,高优通达,500.0,500.0,2026-06-03,0,0,0,4,0,0,0
禅城南庄大道站,佛山,禅城区,一般区域,高优通达,638.4615384615385,650.0,2026-06-03,1,0,5,0,0,0,2
花都荔枝基路站,广州,花都区,一般区域,一般通达,769.2307692307693,800.0,2026-06-03,4,0,20,0,4,0,0
增城区永宁街长岗村站,广州,增城区,次级商圈,高优通达,600.0,600.0,2026-06-03,1,0,1,0,0,1,0
宝安松白路站-轻卡专用,深圳,宝安区,一般区域,高优通达,800.0,800.0,2026-06-09,0,0,10,0,0,0,0
龙岗盐龙大道站-轻卡专用,深圳,龙岗区,一般区域,高优通达,733.3333333333334,850.0,2026-06-09,3,0,1,0,1,0,0
大朗环湖路站-轻卡专用,东莞,大朗镇,一般区域,高优通达,538.4615384615385,600.0,2026-06-09,1,0,20,0,0,0,0
大岭山杨朗路站-Pro,东莞,大岭山镇,一般区域,一般通达,615.3846153846154,750.0,2026-06-09,0,0,2,6,0,0,0
惠城惠沙堤二路站-Pro,惠州,惠城区,一般区域,一般通达,500.0,600.0,2026-06-09,0,0,20,0,0,0,0
惠城三环北路站-Miix,惠州,惠城区,一般区域,高优通达,470.5882352941176,600.0,2026-06-09,0,0,8,0,5,1,0
南海科冠路站,佛山,南海区,一般区域,高优通达,600.0,600.0,2026-06-09,0,0,0,0,0,1,0
南海广云路站,佛山,南海区,一般区域,高优通达,566.6666666666666,550.0,2026-06-09,0,0,8,5,0,0,0
香洲九洲大道东站-Pro,珠海,香洲区,次级商圈,高优通达,700.0,900.0,2026-06-09,0,0,20,0,1,2,0
番禺龙顺三路站,广州,番禺区,一般区域,一般通达,615.3846153846154,600.0,2026-06-09,0,0,0,0,0,0,0
禅城港口路站,佛山,禅城区,次级商圈,一般通达,663.0,700.0,2026-06-09,3,0,12,0,1,0,0
禅城澜普路站,佛山,禅城区,一般区域,高优通达,720.0,720.0,2026-06-09,0,0,8,0,0,0,2
龙岗丹竹头站-轻卡专用,深圳,龙岗区,一般区域,高优通达,923.0769230769231,950.0,2026-06-17,0,0,0,0,0,0,0
塘厦新洲东街站,东莞,塘厦镇,一般区域,一般通达,600.0,600.0,2026-06-17,0,0,0,0,0,0,0
宝安寮丰路站,深圳,宝安区,一般区域,高优通达,780.0,1000.0,2026-06-24,0,0,0,0,0,0,0
大岭山科苑横路站-专用,东莞,大岭山镇,一般区域,一般通达,730.7692307692307,600.0,2026-06-24,0,0,0,0,0,0,0
寮步蟠龙路站,东莞,寮步镇,一般区域,一般通达,600.0,600.0,2026-06-24,0,0,0,0,0,0,0
禅城汾江北路站,佛山,禅城区,一般区域,一般通达,533.3333333333334,600.0,2026-06-24,0,0,0,0,0,0,0
白云人和秀盛路站,广州,白云区,一般区域,一般通达,800.0,800.0,2026-06-24,0,0,0,0,0,0,0
南沙港前大道南站,广州,南沙区,次级商圈,一般通达,633.3333333333334,750.0,2026-06-24,0,0,0,0,0,0,0
从化明珠大道南站,广州,从化区,一般区域,高优通达,566.6666666666666,600.0,2026-06-24,0,0,0,0,0,0,0
南海佛平五路站,佛山,南海区,一般区域,一般通达,700.0,650.0,2026-06-24,0,0,0,0,0,0,0
香洲迎宾北路站,珠海,香洲区,一般区域,一般通达,794.1176470588235,800.0,2026-06-24,0,0,0,0,0,0,0
南海穗盐西路站,佛山,南海区,一般区域,一般通达,600.0,700.0,2026-07-01,0,7,18,6,0,0,0
顺德佛陈路站,佛山,顺德区,一般区域,高优通达,566.6666666666666,700.0,2026-07-01,4,2,3,0,0,0,0
电白人民路站,茂名,电白区,次级商圈,高优通达,550.0,500.0,2026-07-01,0,2,8,0,0,0,0
宝安机场二站-Miix,深圳,宝安区,次级商圈,高优通达,1153.8461538461538,1200.0,2026-07-01,3,4,10,0,2,2,4
宝安机场三站-Pro,深圳,宝安区,次级商圈,高优通达,1000.0,1200.0,2026-07-01,3,4,10,0,0,0,0
龙岗广达路站-Miix,深圳,龙岗区,一般区域,一般通达,720.0,950.0,2026-07-01,4,9,16,7,1,1,0
龙岗平吉大道站-专用,深圳,龙岗区,一般区域,高优通达,733.3333333333334,800.0,2026-07-01,4,3,3,0,0,0,0
龙岗永香路站-专用,深圳,龙岗区,一般区域,一般通达,833.3333333333334,1000.0,2026-07-01,4,5,13,8,1,0,0
沙田沙田大道站-专用,东莞,沙田镇,一般区域,一般通达,553.3333333333334,600.0,2026-07-01,0,0,4,0,1,0,0
塘厦东深南路站-轻卡专用,东莞,塘厦镇,一般区域,高优通达,569.2307692307693,600.0,2026-07-01,0,0,4,0,1,0,0
厚街莞太路站-专用,东莞,富民南,一般区域,高优通达,588.2352941176471,600.0,2026-07-01,1,0,18,0,0,0,0
惠阳石化大道站-Miix,惠州,惠阳区,一般区域,一般通达,553.3333333333334,550.0,2026-07-01,0,0,5,0,1,0,0
惠城三环东路站-Miix,惠州,惠城区,一般区域,高优通达,513.3333333333334,550.0,2026-07-01,0,0,3,0,0,0,0
惠城东星路站-Pro,惠州,惠城区,一般区域,高优通达,500.0,500.0,2026-07-01,1,0,13,8,2,2,0
金平金环南路站-Pro,汕头,金平区,核心商圈,高优通达,666.6666666666666,500.0,2026-07-01,0,0,12,0,2,1,0
潮安绿榕南路站-Pro,潮州,潮安区,一般区域,高优通达,600.0,500.0,2026-07-01,0,3,9,0,0,0,0
